Block Number,TX Hash,From,To,Value ETH,Gas Used
10796434,0xf0d082ea6b1e463d253de33f910fa0b814250ac7b8cb3854c337c5bab6a6177c,0x835b239e4fedde3b3f9118f921c5d2694c72246c,0x93310a56147b1ea7486ab84f8d850fd0a216429b,0,475182
10796434,0x08d2af8db4b8783b0751c8a91ec617cebc1c3e2f705da983cb6edb6b9489537f,0xefc517a3c42fb1eff2b65ab947a922fe08ec3113,0xfa6419a3d3503a016df3a59f690734862ca2a78d,0,260076
10796434,0x1d6092735da42d2f39bed636a5c22a5e97a131beb4988807505442c07ff4c30c,0x47c6966feeac775887ade1fd6e89e586505f8032,0xcf59f40fcd6066dff084acceeee51a98641626b1,0,37401
10796434,0x122253ee9fecd29e32978ddcd27dc618ec431a58534ac8fc47b7025de4f7d1a4,0xb3b212da1f50de8ecde59c932e36df7afb6319cb,0x00000000a78e278b2d2e2935faebe19ee9f1ff14,0,130384
10796434,0x9646449be1c8ee052bfda80f8f3a5e0edaf96b40ea30bdec3d24fbcd3175c6ef,0xfc46841e45e8c061a0d930b3ed97952a4b8dc0bc,0xfa6419a3d3503a016df3a59f690734862ca2a78d,0,428870
10796434,0x252b4103013b13d9fb8c0e75bb2816307af5aa9db9041a30f0ba96c4d9f94351,0x32f1687d4d31c153c94900e71a1d6afa2eb6f408,0x0578e5ea652c62db20f4475f685a4b587314a30f,0,135322
10796434,0x29e99c6d75192d95abee42c72c26169f00e0c1d13ae1d459ad87c829e597605a,0x89153611a5a4a3a68bd160ca1b1419d4b38596a7,0x2c41ed6294a15f5fbc731396fadb4723ee397f25,0,69814
10796434,0x8c07b6cf85131489a2ca3aacd327bf422b777a63cc1aa788db35c582b4541bf1,0xbd0db625ff5921ae45c673c57ae1377e8f5fe53c,0x47a23cce030905a4a5efa9770ad38a7e66f68a9a,0,498562
10796434,0xd8a58d198333879b2c322e343bb0a12c4f979382d5ef8b9829e9afc63dcfbf24,0xfd0a2668e8aeb44853cedc91c2e65b72bcc4377e,0x2c41ed6294a15f5fbc731396fadb4723ee397f25,0,69814
10796434,0x66692ff9a0e8f76d71a8cacbc05145a05673e41649272656c40762db593def91,0x81e09d16fe6d8c4a558d6d869cbf8d0aecf0b554,0x006a7cecf9c39bacef65a77bfd6c25147b2e16cd,0,47620
10796434,0x0c99f64a78c6e317602c09dc3a2c708bd46476b9f5b87f5733bad214707b9c37,0x7b962cca4ec8ba6cbedf2147ee01f6c845c6c22e,0x00e94531f411313b6c61ecc726fd09c5c3270f8e,0,55600
10796434,0xa02c627904289ca534cf8e18374875e4b2da0d72439b056b2866ac815de8e787,0x942adcb33fee4a67cf158aad73aef4acfb55d51a,0xceaf9bb7220b83a3ef184b547a69035257eceaef,0,90961
10796434,0xa3b6a99be18903519425022d03733fbe9574ed08d01e7833a20183306df16c37,0x58fc9ed21bab0e5e840db7af18d804bfd8dabb94,0x778b4ef62557831da46498e9670d25b82376b5d7,0,169373
10796434,0xfc70e4a8913b03190aabfc1dfc90af720955864ab98253da0dad63a27b5474a9,0x96209c5853b6158d43198795dca4b65b9abeffe8,0x87a3effb84cbe1e4cab6ab430139ec41d156d55a,0.005,22080
10796434,0x02f88147794827147fa4e937ec937ef5ff9be776777183e93f705598c45034c4,0xf65d18aa43677953ba7ed9ec49e1777758d75a48,0x2e2764fb00e0c07f7c58abf11d9577f27f87e766,0.000063551940046128,21000
10796434,0x9ad931079fcffebe2fac25feaef1bb46eecb12c7b5ec0138eec8d8eb2819de92,0x08d7544e052d4cb51df4ae726e71ba1931cfc4ac,0x0a90c4796a304f29d478edf9aec3eb0582c20ab7,0,29389
10796434,0x4787c26f41c962b0537cbea8df0d2c11cc372a2eff32a17209b8f0fe2ac511d3,0x87ce00cb8bc3d4676dc91f7e6ac7cd863c3ca853,0xcd9c787a3d917d625d2d8a982618121b5dccf36a,0,21000
10796434,0xe5ac1ef7811fe01adf823e6fa55600404b6288066af034777f4afc30edb5a1c3,0x52add72b435f426d85fc4c7419d6fbd5dfe33e1e,0x0054fd8b29047f3c41814ff631f9024439231b82,0,21000
10796434,0x7ee0ccef1193b332100650df11bcde2b4b8be16b176597c7d345e5bceda2ff42,0x7c3787bf0d78a9e2f802916110e4ddd6e3ed262c,0x2259b9589a81b8ecb84534902aaa7e81ded5733a,0,110861
10796434,0x2b4937bbaddf61ac7281178a1be4c1726d3c1bcd2175ba3d077f103a65a7107b,0x937017c25307cdaaea3dc129aef88844a69078a6,0x87a3effb84cbe1e4cab6ab430139ec41d156d55a,0,21660
10796434,0x0c80fee6827d054d2503a82b66b1a351a008a4468ca5ab376329d77e65aa40fc,0xd4101c3f1edd5a9800749a410534e87345560984,0x70f967f13f60161fa1465f3a319eba52ac6b4e3e,0,387935
10796434,0xb48563a4ff9bb5c684611d119a4e3c45b512d829a32fd06c21ffb354430e9405,0x520bdbbfda5d3e73d1b12cd67034cc258b54e9f7,0x66b284c0a4cb9b5bebb222a205a1d68eb27ea6c3,0,37234
10796434,0x4cb8e566ed4e8523ce887aed5fb9831a52af2a949bd3ac9b86d8d3675902b51d,0x2f5b848af0512bd3521efa4b91ff275d230196be,0xb983c278560c4a7ab88d29276953d595713ccf2e,0,37234
10796434,0x407558022d52579d304a95e06d323174d585fd6d71edb9f5574f196cdda6ec3e,0x74baf930ec2936b60be52e9446d47d4b39d1370e,0x633a7c2f50ffd03852d30aab041b6bea1869a56c,0,156787
10796434,0x8bddcc98911cff76c22c8349c6835642b7d5fcecf0d2f550522fff8febe2adbf,0xc88263ccd2b147e31313918a3f55904a2753a7b0,0x0020603978f12196cc325f7887b63172eac1b732,0,67380
10796434,0xeb69318c03c91fc5e5f77f0e01d3649e8bfa2ea3b3787b9e91bf3d5a9a6f8081,0xf65d18aa43677953ba7ed9ec49e1777758d75a48,0x37f1e610608c4dde3750b0234ae9b802a354819e,0.000063551940046128,21000
10796434,0x61fc0b22da39957155481608e832b82c62a93beaaa305b58a3d7fe3fcf7f671b,0x1c8faa81d413db62dcb84d83d2843a6e36684a71,0x9d05d402c23ee1f23b5a08f2749acda5bd5dbbdb,0,254737
10796434,0x62e7dbc2ab8efcb64de43e6265911489cb952a2e647403e04cffa68ae2d6a9ea,0x40f83ba7411459fa0fadc16b9642edbc76fd3b86,0x9d2b61821c441280537bedc5e2e936dfb0710754,0,407563
10796434,0xe49b11fb8bacaea12e329358f083d07d666476453f7bc692b91388aba702f882,0x0531e8fc8ca59168a33f812e1c47af21b61f359a,0xd7cfb04adb0c96de1b0e50a9297a3c4a92119fe0,0,102592
10796434,0xe2480fbc047238ca23365495c485f6fa5df7151acadbd438811b453519d2b9ef,0xc712efc51328b1d0bc5560332aa8a7f5c3689fc9,0x2ca4b3862e3d0b2cfe03ba361050c89718238402,0,32375
10796434,0xdb42a9a060a287fba1c7a95d994a10c4319d91d967a20d1e5bd75f015c83aa77,0xc0a264b387c791480c7a16494101ae2ac129a204,0xa1f78bed1a79b9aec972e373e0e7f63d8cace4a8,0.000196,148830
10796434,0xc4fb8158300e83f94dee45fe8239fec3abafc2f4e76589f24219dcb69e8b9ab4,0x83fdeefddc2bb45abe2f5285e87a44f26541d426,0x7ec9cf6643e03c965dfc721e22ddfc9ea32b33e5,0,73755
10796434,0x23b1bedc62b9933144a30ce5373f430b10087820c452daa08b10a0ad10133a8d,0x1d726c1c700294098997bceb91419c6f8a6ab91f,0xca11bde05977b3631167028862be2a173976ca11,0,331447
10796434,0xe5744f698db1718535d3e333e9e887a858270ff5edadef695dac9570e4b773d0,0xf943db03d1867269c5e1e561fce36b83543945f3,0xfd0c6cb1a3e4f5a662c106bedefd2ff8e0251137,0,47246
10796434,0x26326b019595c911e5a58aa9bf21bc1984e09c51add70cb702f46a87c02a07ab,0x2a2c0db80b5b9ef4ac1a98f62b9b1832d3403c63,0xf467ec26cf1911a0ff87e3a6d36b3aec915506a9,0,144775
10796434,0x5c5e7b7afd115d3e86721d38ba4ec61323f7252348c442594ce5a049aa3fed12,0xd1d82c243b9f16001db848eac07c72500ad13927,0xaede2de677c154cbb527afdc3e88793a4a303664,0,107079
10796434,0xa64ab17a690c14fbf3d31891ca7c490c55e43aa4f93d108205804b4e0e050969,0xb6986b7b16f589710f844ea6f813efc0dcbde917,0x75266339e7c4880c9e6ebbfa5e3c77864f2fead6,0.001,122735
10796434,0x7284bb92c851f57f034ea8fc4130a07d0653d3fc1ab046922e62e3be93f1a6dc,0xc44e8559bae34b958341c25361dd4b34c522fe8e,0x8a381f8822e512e50dd4679e678271e9a83226e6,0,73190
10796434,0xe969c7164ed1ca64662149176f2ff665823a1f30eb3348afec2ff64c7382fcfa,0x74ff1911e5eb4e269d8da39ed219db0e203d5cff,0xfa6419a3d3503a016df3a59f690734862ca2a78d,0,428860
10796434,0x468276c8329851bf135216bcf3e1d7f545373e098985232169abe597584e83a3,0xaf124ea7353220a720983a2d926e5f442b0e839a,0x75266339e7c4880c9e6ebbfa5e3c77864f2fead6,0,142335
10796434,0xc65644999a0cd8db5b6342e4344d23bd1a44062183afcd15e1a3c95dfa5c331c,0xe774894487ffd5479997c402529ba1d6ab04600d,0xc532a74256d3db42d0bf7a0400fefdbad7694008,0.000075507613040989,21310
10796434,0xe969b444342e027fe42f48a73e629af4ce36a82f30c26cfcb670a72b617f6441,0x80cdee39ff798dc090689e08b6e1d4911e3a3158,0xa78307501dc0613e77ffbcf6865b8f5f3509a5da,0.000019052673064145,21000
10796434,0x1ac1c016921fbd6a92c2ff5cdfed7f0a8a4587f89038c8a9a392730947c47388,0x4ce089a7547021f2789cc0576d138a8670ed4b43,0xc532a74256d3db42d0bf7a0400fefdbad7694008,0.0000946565288696,21310
10796434,0x1616a02453fdb21cd3ca4f396bcb1abc62116ac0eecc97aeb57fe51ce2bbeb2e,0x02bef437c1eb0ce2eaaa16ef86d47c60aa3767f0,0xc532a74256d3db42d0bf7a0400fefdbad7694008,0.000086679795267778,21310
10796434,0x29088ef8e82e61391ae19b5bed1fb55d45ab3fff42d1286d508727287a96c43d,0x4fc71340871c3dbd74179ed15bd7242d4429d526,0x4fc71340871c3dbd74179ed15bd7242d4429d526,0,21160
10796434,0x842041dfc0e8df25b17e629fa0fbe9b621f11d19b8a88b886f2f8fa8c8b9e7c9,0x875cc8c7b4c29bb5e81386fc1fff32161a1bc609,0x482a48a641e269ad275c831c7baf8690f6a4196e,0.000019213177572607,21000
10796434,0x61a47cc954834594b7ff0923858fcf5bb4a1992400e89d1e6dc6e95390cff16f,0x373a05a335f084e53f8bfac0e556466ac16b37b8,0x373a05a335f084e53f8bfac0e556466ac16b37b8,0,21160
10796434,0x07b00a656acf8452f414e2ba1b125d4e141504f31dd6a7761bd483d36d62eb61,0x89fc13172b0ca6e828ae811d823d43b3c3102475,0x8beaf0bf80a712323c92f9a77e9afa860b35711d,0.00001847388661565,21000
10796434,0x7c0759aea7ffcb022b0c0721d2cae3c67d0522de071f848bcb0f4104f0379dd1,0x9654ab2c7e4037f134271cde9bf62993d723b235,0x62679aa732daac4bde626333a317e42c296f8014,0.000010904350863765,21000
10796434,0x1bb548a2ee8ea24ab96e1d846da94d2210f7e7ad57ba142376af4904f27a8a43,0x78a3135f764a2f06aa3acfcd72f67d390e60141d,0xc532a74256d3db42d0bf7a0400fefdbad7694008,0.000063655736918359,21310
10796434,0x26263aa3f02da058a966f9b3c25337074dc9df93615fdb5ca857bba6fe32084f,0xa526c4dc6fb5d0d1ea15a8eb62b91241c602d0a5,0xa526c4dc6fb5d0d1ea15a8eb62b91241c602d0a5,0,21160
10796434,0xfe4061ed611fcbdf54c41fd35367c3bd2f145afa98e8ab1eb85a5c61fc497d7b,0x63820dda4b86d61b29b1eac88c435dedea1235dd,0x63820dda4b86d61b29b1eac88c435dedea1235dd,0,21160
10796434,0x13fd4e3b0bfb5f07b3c0537f6ba03e73353ce6fae10b7388fe617e5b17860289,0x3b769560e506e10eebe89bf007bb68ef0be4bfe4,0xfa6419a3d3503a016df3a59f690734862ca2a78d,0,273737
10796434,0x54ca2d1e9463c0187d57232a122cf4c1e0d3b1784293b6bb896ab32832bc9ac8,0xe4765a5d7335dad51b3058d0b8edee540d149a21,0x69c6b28fdc74618817fa380de29a653060e14009,1E-18,35135
10796434,0x5b959f335a69fb65942a17f9c93cb51dee56f6e4e179f538a3bfbf1109bc75dd,0x8db96a04f55ca1bc6cf636231626f73218bc34aa,0xb6a59e1a73b54b8c3a2dffcf49f74b403e139198,0,225878
10796434,0x269715f187c4e071656c54092094ef8ae889153388f53afd8e8c2c31d05511f5,0x4e1608d4e42d88c8ad1d2887a00f0a99116cf7f2,0xc132c8a82a24fe1e491082932e3db4f70ce95c93,0,71054
10796434,0x7ee36ba70d61ddc5e9481729203072ce7880ea5aa047384660aeca894503e8a0,0x7818f7db405ed73d247f6dcbc8aba69d15614a97,0x2220c9be221a276079f719399c417e1653f2135c,0,986161
10796434,0x2339e5515601f4e795ded4917096b4e372e7a46d776a604ada9b00207adf09ca,0xa2ee2de6f522d8a3ae19a475a45a9c8d25f8f9ed,0x72e1a8bb345e252158dcfd35c459b1f09842fbe3,0,647490
10796434,0x657a744335865d6af91378bac2bd1eeb46a2d1e835c39d7a51e9db687dd5aa80,0x4a58e1f2dff09d17444eedef7e21d0d94a780c87,0xaede2de677c154cbb527afdc3e88793a4a303664,0,107079
10796434,0x49e03a766cd6b63101aa8a9ebeb0073c9a9a331573d3e3357d71d8aba963bc02,0xfc09f62429074cdac1103126731604da8da382b4,0xfa6419a3d3503a016df3a59f690734862ca2a78d,0,442550
10796434,0x59ef8bd4ca477d420010fa33474db4aa3d599ba0c1bb251e740bad9dce723164,0x5d09b87eab0ab4ba41d5c1e5d635f582c0ffa35b,0x2220c9be221a276079f719399c417e1653f2135c,0,647245
10796434,0xff1b9ddd3f948bfc4451620b81bd4f376f3029e29b873ceb5f76670199c7b79f,0x7ca8ac5c3678aa7f945b7a82251a71711977bd04,0xfa6419a3d3503a016df3a59f690734862ca2a78d,0,428860
10796434,0x4a41d845295ecb5b3f58704d2033937fa0cfbb2e7ced6abc0643f59a63afb02b,0x3649b7d4991bdef1a9f3b5c4ed857ee165d4d9d1,0xd015239d9e25ddf00c7f855660f25a9360904e15,0,109914
10796434,0xb9eb3ede44ccca040f6e41b07f5d3cda617b4ad2374cf209b848f0dd8c2a19c9,0x24922c0d77e4f8a771ea2bd7c6e1ae45c7a9d49a,0xa1f78bed1a79b9aec972e373e0e7f63d8cace4a8,0,142739
10796434,0x543ce14cf755720ec7dbc32da440654862049dcddaa4029ec95c7da16e932a81,0x26317d9456f9ccb0aa252618ecd940dbcdc498ef,0xa1f78bed1a79b9aec972e373e0e7f63d8cace4a8,0,122789
10796434,0xef3d3b6d713db9fab1791348877eaeb3d1c49845ec7474306dd9c6542786acfc,0x0fce5cc80faf8e70841c7d9413ec2d4771ed32c3,0xa1f78bed1a79b9aec972e373e0e7f63d8cace4a8,0,121936
10796434,0x5771462e4ea0fedb8ea981775fee3be234cff014cb75d701077620a0abfa9b1e,0x22cace5050359a8a6f51634d0407ceaf1c2b2e0a,0xa1f78bed1a79b9aec972e373e0e7f63d8cace4a8,0,122789
10796434,0x276786da480a2aea9bbfd1fc552b0630bc722c324be7d7f580186dbfca2a257e,0x06ebb0eb4514389222a4621c9735ef58ee83b7ca,0x7b79995e5f793a07bc00c21412e50ecae098e7f9,0,28932
10796434,0x4b3838dafca491df71b5170fbe92630122f65cb63cd2628648df25166790546a,0x4110e3b9d2380ca1b15b09b9d1a192c0aecfdc87,0x7b79995e5f793a07bc00c21412e50ecae098e7f9,0,46032
10796434,0x0276e17283d2c054ca66b38c5d4db412fb69e5fe7156f0abadfe9538891e9a67,0x2138d6698d08bbf7902178e789a26ebd566eadd2,0xf467ec26cf1911a0ff87e3a6d36b3aec915506a9,0,144409
10796434,0x1413c60cec02c56ac55c3b4b9c552d94586df0c4c4e1e696ebd7d2be29acbbea,0x4c11483ba8bbf9d9310d4839484e883df6eb4f86,0x136d377d3f820f8d6e3d5cb16f51e7e5037bd876,0.01,622883
10796434,0x879f54525bf02b3fac32f55f901fe8751dde792b055cde6404940b31b130ce90,0x22e3ab72849fc54aaf119716c3cea1f2d8ddf1d5,0x93310a56147b1ea7486ab84f8d850fd0a216429b,0,442108
10796434,0xaff8c335e46d1e0079b94b659f0320940fff743cb9b26fd2d4d074bdb56147a7,0x08eaad5dd540b9ada872a2afd5b9b04c6161897d,0x93310a56147b1ea7486ab84f8d850fd0a216429b,0,110677
10796434,0xe2ec9d3fd6ff7266dd70ee2872664739df080dad503b0bf12ea9742ab4e18c23,0x6d91a4ec6c2a3b49f7971bcab800a5756ab4afe5,0x93310a56147b1ea7486ab84f8d850fd0a216429b,0,120273
10796434,0xb82bad1d040d1188d69b4f9fdd4e2001d727e4ff9fee092c44ef9e28b89afdad,0x825476f525b29ab9d3914fff7d16fe90cc44fbea,0xf85938e2bfc178026f60c5ea50cc347d42c73b3d,0,46237
10796434,0xc67ccd69ae7428b4628375b9262693d32a3c44bd563b2f8e862dadcf56b6d476,0xf5c2f0bf6eaab5a591dc884867509c884457badc,0x93310a56147b1ea7486ab84f8d850fd0a216429b,0,110677
10796434,0xc72836e995e61660ad8e509f8c7ea74be2bf2434602f00a21c2df6231b84fe36,0x50fc5626cc6755456e1b22d72bd6807274210f51,0xa1f78bed1a79b9aec972e373e0e7f63d8cace4a8,0.000397679838770971,106090
10796434,0xaf698756bde91e3e6bf8369b35747305a234966b2d9a4cf3e04bb34dbc03f45c,0x74870ea6217f5c742fa8995de4888d572a8e03f2,0xa1f78bed1a79b9aec972e373e0e7f63d8cace4a8,0.000166065294605936,111742
10796434,0x9cd13a12fbf235d0ee3cf1ba1f9e15ea53388e8fc4e30c507345184738866b53,0x829460fbaf4e342bfbd3e706894f91c60281dc8d,0x93310a56147b1ea7486ab84f8d850fd0a216429b,0,120273
10796434,0xb1ad303841475062e9e0842fd4fd53c4e0b3dd39c7f90062171f1817176f229a,0x1e7a789ab5a5a1d0b4448df31902d477dfaa4089,0xa1f78bed1a79b9aec972e373e0e7f63d8cace4a8,0,121936
10796434,0xe6fea53130f7278b6927b61521781d620d708c56576b3d8b29cb04a237d642a3,0x4886e629f9dbb25a251bef39e0013a049e101b71,0xa1f78bed1a79b9aec972e373e0e7f63d8cace4a8,0.000352531577682054,111742
10796434,0xa76ab9af4ccee9ab336920895e4dd67ce806fd940dc514b5d2a3cefacad4e675,0x8448175f416a6a3d5528499bf28f2053d1c16a01,0xa1f78bed1a79b9aec972e373e0e7f63d8cace4a8,0.000460224747059251,111742
10796434,0xc312de65ea4b26ae24b6fb37db7ac28c57c4ae601393a75e2690bffbc2dc1a2f,0x2f981883c6a961f3b9966e9e2f000c13de6cef04,0xa1f78bed1a79b9aec972e373e0e7f63d8cace4a8,0,122777
10796434,0x70633c7a09e06946b88e9277d1c618aabd28abc5796ac80bdafe5dface2dca55,0x853a353420f27ffbedd3517b8cc2dbd9da9c73f0,0xa1f78bed1a79b9aec972e373e0e7f63d8cace4a8,0,122789
10796434,0xed0d1d771929caa96a2e4f98c53890a8562ab199cd69adae06e8804355b22bd5,0x3cd4c47e6967a4824ee6b7eab2349536ac92f373,0xa1f78bed1a79b9aec972e373e0e7f63d8cace4a8,2.34364528264E-7,131704
10796434,0x330a5bb07498559b9d19dfc5c538d2625554c23c52706daa82c5960ac0cd9d29,0x21d085990a494d8e013441f8e9debc6531122eb1,0xdf76750b99a8853e85ab3dfa0982d10245643999,0,252925
10796434,0xe1d2643ed5e00c116243a7cbcdcf2bf4fefeb32d774e5ba0f703712ea3944535,0xb18d35445fbdfaa04393ae9fd51a378d95c85076,0x425a71f7855e4ce0a3ff8ac3d7b34214819e8843,0,48698
10796434,0xb6821b5aa5141294818bf0a3c5443427586c441a2358a836276436934f230854,0x5ee68a8b5236d30111d0351d9c34f3c96b5c04d8,0x2bd57c3ca216f0d38b18bcfd14595f12dfb13c35,1.23404E-7,37195
10796434,0x08259a80393ad58f3e9e0c7765310f31eec795ec6970f5a228af50296275429b,0x149a2b1d7af11e0ba3bba3b83dd7e7f62247b7b6,0xa1f78bed1a79b9aec972e373e0e7f63d8cace4a8,0.000123514574758338,128938
10796434,0x2e78d977061386138ce3c5a3e682cb0ed7807ee8162d0e5e33bb7567932ca67c,0x478d8971f351d90f4b010d67d04ee8bf843461ef,0xa1f78bed1a79b9aec972e373e0e7f63d8cace4a8,0.000386257518424663,122106
10796434,0xaf5d83465c4c7635dced1971455e38c44e5073ae4da4e81bac138a0f47cd917d,0xf197b5177de1ed7223c534eb9301c5dbf94ff52f,0xa1f78bed1a79b9aec972e373e0e7f63d8cace4a8,0.00134,106222
10796434,0xb166d574aa97d2a638e8624b7f690d9e1e7b23a9722ae199ab45f9d65cbf739c,0x70a3df16d6c2a6bf7cc79af93764a2765558b8fe,0x03c66cb1826bdb0395bf31e68bf7e873e9564ffb,0,33022
10796434,0x9d7d0dc8bd70a5e2a6c40aa5f58c289f20033f3e42180c39a7b3833777e0f410,0x1f2e65e04f4c31151ee5f991054bc28a37afc123,0xa1f78bed1a79b9aec972e373e0e7f63d8cace4a8,0,133243
10796434,0xd6881b38bf24d6ce4a3942166eea24fc0973da1d2b755067495e30eb5ec3ada4,0x338147f91db7101dc13eeed65f5f123344157a21,0xf467ec26cf1911a0ff87e3a6d36b3aec915506a9,0,142682
10796434,0xf19dbcbb38d6706527c9a934a39574be66b838793e439a2b92222b2a556a4824,0x672e72db4e9a2b83ff3a99f1e2fc00c1e444607a,0x8abb0dd8a0d651ba0404d68593326a0fb6288a88,0,46228
10796434,0x250ac0e1eeea892a2954e61d26d49503cedba0729ea938747da2cefda6f9449d,0xc262b862e8ab8bbfe0eff6b898de225db33dcc92,0x2bd57c3ca216f0d38b18bcfd14595f12dfb13c35,0,125131
10796434,0xb06ae2c3ac8cb268fce1b3a7f529c674283137efe32c7ac69989ef98afbf8f9b,0x3987cb19bd79f5a7616c7351796a339176d69603,0x2bd57c3ca216f0d38b18bcfd14595f12dfb13c35,0,147817
10796434,0x148fdbaf967975c224586bb8e616ba18d19279bbaa57cc321fe3d5c985531411,0x449c49cdcc01d23adfebd60ae984187c0a809e66,0xaab284eda7d75faa13e3fd709e6e618138fca6e2,0,334047
10796434,0x7b70eb96f6a2d149c59caea77d8909f2c3241f12f5adbbc4416b6dc97c3a42c8,0xe8d4f6af6646951d6eb98322a7264ca50a501840,0x2bd57c3ca216f0d38b18bcfd14595f12dfb13c35,1.00182E-7,37195
10796434,0x88d5ff54c8ab9b7103e9dd0409aeb70434dc7037769d545880a91b02663d0328,0xded7ccbe18adc79821f540d41c1ce4ed86a25cd7,0xc6255a594299f1776de376d0509ab5ab875a6e3e,0,158151
10796434,0x389715781a21fa358dc1675de30b2a707a19493daad9354ce4954e591578e9ad,0xa2130acca3d41e2199a99aa50e318708b6832fab,0x10279e6333f9d0ee103f4715b8aaea75be61464c,0,46483
10796434,0x66c1f142398f9e0f4857028f54bda69f387b85e6ed100a484943bdc045ae13a8,0x065def72621cf2fc1560ec79958e059905339aa4,0xa73afb610ac79a729a393d679029fcf9618854ad,0,172177
10796434,0xca699ef2f0403ca5ae527f875ba035c313908b643ba09fa5a63fb3a15f3da203,0xc07d29b7d0521f14aa0ef6979447ce75d1c420f1,0x1685c610007a33a25ff6e5fb00aa8e570328b505,0,171404
10796434,0xca0bc9864cecfebfcef41927e7d3e517d836d1c8239245af7d5f90fca01092a7,0x050bf90cc79d7a4aca382b233002303fb7baa5a3,0x2bd57c3ca216f0d38b18bcfd14595f12dfb13c35,0,122553
10796434,0xec9e3ebaf06a8e46b46410aacc91862893e26bf23d7f15ee7d8b95d8eba19b16,0xcefc069a9e52e298e783d6a130d0aca9cf57955c,0xa1f78bed1a79b9aec972e373e0e7f63d8cace4a8,0,121585
10796434,0x9b3dd192c76622251d06c119d12f43a42e19e240ffbd78a1b0140fb03a5cef1b,0xcc4695f07bf9bf68a7d11ed40fd97a1834773da5,0x1c7d4b196cb0c7b01d743fbc6116a902379c7238,0,38337
10796434,0x9e28a58d6bce9142edf3c2afd817d19679b951931e0173e3ff91f51c293ae775,0xd86a38c39784a064ecc5399bd0eddeb9cda78fdd,0xa1f78bed1a79b9aec972e373e0e7f63d8cace4a8,0.0002,121353
10796434,0x89c97c820fc85babd161606b90169682f5d5103e220fba8b0c300b7c15ba8349,0xfd6ba663e74f7b8db4e68364f9f14b6bec3944cf,0xa1f78bed1a79b9aec972e373e0e7f63d8cace4a8,0,118073
10796434,0x666ac11b0cc1a1303821e750073167119656686e77062a10f2640b75eca44503,0x6523a01ae51f407c13c92a4497e72236b523c04d,0xa1f78bed1a79b9aec972e373e0e7f63d8cace4a8,0,118073
10796434,0xd6a5d57606a5eb64d467eba97a1e0b06e0198f2f20a336566eec9a13d6bad9f4,0xf6f0d2a8c6f997d5b6e4be1136c77dab87cd5336,0xa1f78bed1a79b9aec972e373e0e7f63d8cace4a8,0,125201
10796434,0x76e6f35a9af352500860c5f502222358dc6c72aba22543a58295eabcd0440c23,0x2ee3441f16a5ef72a3ecea91c81cfbf5357861fc,0xdd5fc7ec1a6a6cfdcd79d9aab95a4b0e7a529e8f,0,35007
10796434,0x91ce3ca6daf78e0f1dec6f7d221e2aa000156d022eb2273069bebef4f74d9203,0xce9dce2d8ff8248bc7fe365e20e8edb21a27269b,0x93310a56147b1ea7486ab84f8d850fd0a216429b,0,195054
10796434,0xdb0c4aa5e494233bc7f3568989d14a0b6cb7a593c57f65da96845d36f40b6128,0x59046c6775d38b2d7f2be4ec12a6a25f62d574a9,0x5048390a7a0f2622045614d32d14c3db7bba045f,0,46404
10796434,0xcb80f06bb1d46dcaeba71b01ae481d2b988147ace92f652142b24f68d9db40d3,0x2d1a477e22f93b66f70a781d1f6ab73c3a62f09b,0xa73afb610ac79a729a393d679029fcf9618854ad,0,177789
10796434,0xe494dd2c384389d2712e876ebb23848d1bee9fa549f33795bbcade36afe3a359,0xf8c3d06508fe0203cee74da9d5cb347b55c56880,0xa1f78bed1a79b9aec972e373e0e7f63d8cace4a8,0,118045
10796434,0xad038c5262755f7d09c87f7443ae8c8ae24cbd3de0f5ff24d877a21344a5fed1,0x7cd8bf8d4ba3db4a9238f31fb992aaa4dc4481c9,0xa1f78bed1a79b9aec972e373e0e7f63d8cace4a8,0.000016,111854
10796434,0xba904158fc3525120ded2277dc7c00997e6a4b1b7cc03255957e552b3e2b5396,0xabd1a79d4cbbaa4405103f37bb7448ade8184d0c,0xa1f78bed1a79b9aec972e373e0e7f63d8cace4a8,0.000012,111854
10796434,0x1ef7a693e857f91ce509f9beb20b1fd8e9008dcff9da93daf16684f01a0ddcba,0xb476a6a53ba32c4b74bbdacad567ebe1b3d50f09,0xcf58a19063224c57ca6d4f70bade649aa7904707,0,173443
10796434,0x370a31c2dfe0e9fdb39c6a2a8d29e0deca307a53e623ff96f3ab07071284ff95,0xd124b7e00ace5e3b422fdc6c78dec6cea32973c2,0x2bd57c3ca216f0d38b18bcfd14595f12dfb13c35,0,106661
10796434,0xfa8594f419df0910c1db34dc5359b1651c20b01cddccdf501d7725332dc7acb1,0x474f2216ed9bc9958cc688b4151b9f54e49e1470,0xa18a4b6d8574446a3a2fe71f7be38a6fe5e94835,0,234487
10796434,0x9414a6a520c936aff99ac0657c4558563c6740ff7b964a3e9e845d065c5e62ff,0x1337c0d309c249c98b5f783247258d0d9f84c0ee,0xe0540a63a03e24aa98f2bb88d75e9df8faf2aa16,0.010000000000000112,108290
10796434,0x7069f2566b0ed72a3afa2d1175d0cb1687da2dd954384e549e48a396e1bb0a07,0x74ec75228937f926bce107ae09c85f9ed5f05d57,0x6095548b9bcb5b9862738c960d2d7cc0c5731695,0,46240
10796434,0x2e8ec6c3aa1f330ce707c296856388debba328fe398f38fbec27c630306f6d70,0x98a02b4ea0ab3c1f92042c678597fe02e0d0cd48,0xee567fe1712faf6149d80da1e6934e354124cfe3,0,98428
10796434,0x62265ae9362b160e5798348c3f9eb52ab013951cddd6edc6fe7aa3ad53592cad,0x4608ac15bb6996f845806cd2bcce3912b9d12f75,0xf467ec26cf1911a0ff87e3a6d36b3aec915506a9,0,142682
10796434,0x8fad5c44203c28644473aa94ab6bdad6163bb67199e9ec49b8caff5258317a76,0x8e6e5a95360706f4f203396e275619bff59c53c6,0x7b79995e5f793a07bc00c21412e50ecae098e7f9,0.000012,44910
10796434,0x1ef38854f0506cdaaf418b66b7805a4d0a4151766b42c9a115e65047550155df,0x8cb0acf780e813a5833bb894249a00112a124c52,0x054db2887aa3a0fee14c764c3e2802da0eb23e9c,0,203898
10796434,0xce8cdcbc50d5df511229d63944cbb0afae64c36fc75704050f1dac850faa8d56,0x056a1275dd670205aba10d8fc9bb597777a65030,0xd0dbb2486e3fbf371d1b2e35fa330bef6529d2f4,0,94201
10796434,0x9589709d8a0a72c2857a7245b911e02bf67a2a8b75f5408a363abe3f76b7f3bb,0x00aa167411e443f126ae52ab9952bb16db988f7b,0x2bd57c3ca216f0d38b18bcfd14595f12dfb13c35,1.09769E-7,37183
10796434,0x4d0d775d3fdf7d328a9543340db0b0fb743c6181df46ec03c5ace70ad8353472,0xa05ff3e466ffb4508ca84f8439e2dfc3620e8be9,0xaf93c5b321757ca9f37992525c4889bceef76726,0,474255
10796434,0x5010fb66e532e39f9c98694bc487046b82e4f4f5b1baf76a3306e231b0e390d9,0xde6f12fa3688673a73ef6fc2582679aed4a04623,0xf593ac8467534261dfa7c6c90fb227e359ce04f1,0,52136
10796434,0x23174df96f7537307b1a58687ce5a822a48950d1b47873ca63398f5e49948fd4,0xafa822edd920a2744ab8d9134fa616488403b46d,0x2bd57c3ca216f0d38b18bcfd14595f12dfb13c35,0.000002,37195
10796434,0x9cf12749fe9c837686ca4fc64fafd3bea5dc30b0ebb8126c3ff195aaf2f958ac,0x2c2ff804ed59bbe2533e0a8210d5a120414d4c93,0xa73afb610ac79a729a393d679029fcf9618854ad,0,177753
10796434,0x2034c3f347b585018f2895a64ec40afade49837a760822ae3bcee812eec2517b,0x1c17178815819815b8d3ff0c7267f21dc16964c9,0xa1f78bed1a79b9aec972e373e0e7f63d8cace4a8,0,108101
10796434,0xd1e18562329f7c6fe8eeab9900ab52cbb47e4572d06d3a0ef4960dfea221cbe2,0xd4509367eb108053b2df44b774303f9105e89daf,0xa1f78bed1a79b9aec972e373e0e7f63d8cace4a8,0.000014,106210
10796434,0xc51776dcf968e0bf89e7aed0a80ad6b5a9c7c9d37e4652fde6125e0cdb907feb,0x088930d09dd81155ed02130935a697594ad0ffcb,0x2bd57c3ca216f0d38b18bcfd14595f12dfb13c35,1.20975E-7,37195
10796434,0xb0a7c3e3a3647681ce834d7f84ee60cbb983df05e521a803112d2588c22b9273,0xbd7d57a934fa2df23c3dff8066804b90db6c5050,0xa1f78bed1a79b9aec972e373e0e7f63d8cace4a8,0,128370
10796434,0x9c437713740ed1e7788a427f25c93349c058c35f66c7c04b6c48246e919f3c81,0x01cd12a36e4770d8cd818a80bb57176e8c596414,0xaede2de677c154cbb527afdc3e88793a4a303664,0,107079
10796434,0xe3e7de56cfdff1f0d29a995ba2b254b30d76906d91ddf26abc07e995496b792f,0xfb109b529fb47d0ce24ae6b462c06084c11b697c,0xf467ec26cf1911a0ff87e3a6d36b3aec915506a9,0,142670
10796434,0x73b2868a6e575b2e614b7f197eeadfa492e0276a06fd6d6326ccbeca70235fdc,0x7a41e3a6ba2f9dad65012502cdf749c96b6c81ee,0x811027e0b0c4ffd8053b9c16005fb390f57a1058,0,211247
10796434,0x837fd26e7aec486d27db09270c6e08f38fbafc6788c94f361c4207d48f138c4e,0x14ae0fc40c2887a89ca592f297189d941f7f4dd6,0x811027e0b0c4ffd8053b9c16005fb390f57a1058,0,211259
10796434,0xa0904a54dc7e3eeea54ff8139b5270f31eb128f756d294610277f50a5a21152e,0x0c39c146a9ee8df35f12c4b062de2203799cdc9d,0xa1f78bed1a79b9aec972e373e0e7f63d8cace4a8,0.000871037520481812,111866
10796434,0x71443ef2d07ab43a97721007219cee87f4ce16f0047187126cd110c4dabd0985,0xec2b627fdb473520e9920b085168e5990576840b,0xa133f5eb0ae369d627b13f0e283acdc763fb48c4,0,31557
10796434,0x6141293fae04e24ea6ab1661b364abc35a33f2b9773679ea082df8f85d886660,0x6cae19fbd6b96d0fb785e968d17122b2332e5c81,0xee567fe1712faf6149d80da1e6934e354124cfe3,0,99400
10796434,0xa5d667dccc9e49fe28b646ddcf1911f5240317b4387b53413a7f712e359191b4,0xe9af240a5d81aa1aeee0a85f9f16f3fd7090b446,0x2bd57c3ca216f0d38b18bcfd14595f12dfb13c35,1.00149E-7,37195
10796434,0x1d23b8f8ef556029dae95867bc045bd20224dadd32db096174ad95a71fa52de6,0x0f1f11aae170a23882a8f562aee63043cc4a5805,0xd015239d9e25ddf00c7f855660f25a9360904e15,0,126976
10796434,0x6edcfe1e992356dcbf4a2513450818bb225fa07a90b320b482e7d5fd0e5a6730,0x631253eae15f3ac809ce9d6bd7253b9935abfb57,0x47b7ed0e04edab477c46543bdf766acea155dd2f,0,49266
10796434,0x96cb199e4a259824a0056d3dbd907bf85efd2498a7baf293fb1274a9be094be3,0xfa646594bf2241061314d53e850a466815b3600a,0x738e96d813a47552499fe1c82e8dd415f7afb7c3,0,101874
10796434,0xfd5fc0dfb615c4409c3e2076fd52ee3039e30fbf5ccc39d99e04bcef628254e3,0x86d79dc8e3f87e8e737980684603c69d3c0b8c23,0x7b79995e5f793a07bc00c21412e50ecae098e7f9,0.00063956148546778,27810
10796434,0x3d608ac4dbec5b0296dbdbcc36fd0d926c7a4ea131e16b65c09191bf44a38102,0xa19eeaecc95d87ce894cfb9c4f84d187567be5de,0xa1f78bed1a79b9aec972e373e0e7f63d8cace4a8,0.000849576160822469,128938
10796434,0xff340f0b7611576e894d12d9ac7180bd2938f8ac114dce24e460d4687ca1e472,0x368001f031a2ae891b39a27abc0237c178380bdd,0x7014a762b2e5c5381f79cb3c9a72a391136356ea,0,75080
10796434,0x2f50ec75d61e6954738d6b0b61da5ae93bdc1be3482e4667d9a87c1e18aecca2,0x0886c8119cd9c9248f8f73183455ef306e35ebb5,0xa1f78bed1a79b9aec972e373e0e7f63d8cace4a8,0.002067775477987617,132628
10796434,0xa2542e919bf1e65952a4eb7249c2531957b1bd54cc4f3642880b3c5cc3ac88cd,0x8d247f9c8f920183e270177db4e0ef0248142422,0x811027e0b0c4ffd8053b9c16005fb390f57a1058,0,211247
10796434,0x4b2102f550e8d907c729a71f59e4cf304efe72e69ea6cfca0ed7db227ebeebd2,0x91ceb0f76a7f6f5766e9e6c4de15f8d53afcd7a0,0xa1f78bed1a79b9aec972e373e0e7f63d8cace4a8,0.001352729362745258,128938
10796434,0xfeedff8bcbc4073e2238096f5f599b2e3d989020e85b85af5af77d94f353f4c4,0xe3c87df3ed1e00bfbe25c48db5ca20be36a6efaf,0xee567fe1712faf6149d80da1e6934e354124cfe3,0.000049252059672925,128301
10796434,0x6b1a0fe76429956b903988a2c211bc11681ff884b043433bb53f24501c1002c6,0xad55ea2ddf3bd49099c6b9a7a2fc8ac238bfe756,0x93310a56147b1ea7486ab84f8d850fd0a216429b,0,442216
10796434,0x7b8679444a06ae9a51dcb8d0262212e18029077ddec6c72663c69bc76e30d82d,0xf1a457b11a2edb714c81bf337cb2efae7c5e469b,0x2bd57c3ca216f0d38b18bcfd14595f12dfb13c35,1.3783E-7,37195
10796434,0x87334e3c469ff0083bdffc0abe8ceac0fa652f6bbdd405a5a540f78868e632f2,0xf8b24a656ab23b724e4a986d47dcff687db55d21,0x53aeb957be8f9ca48327c2344a8cc12257213d5d,0,46192
10796434,0x585f35efc11ae03bdabad64f7113908ec78144f47bc29622f776970466f99c82,0xd4d1361edd4e9ee2b3050a22782f077631fb8692,0x10279e6333f9d0ee103f4715b8aaea75be61464c,0,46483
10796434,0xfa91282b5235395b11684f370d550c0abab53dc6ba016f1c436087bd4fa9f44e,0x2997f0a672988d173fa147f8c6c7e9380bfee71f,0x7b79995e5f793a07bc00c21412e50ecae098e7f9,0.000759798567859016,27810
10796434,0x6d4f607e7a0eb2e08561e57d0f30a0ba519c03f6bf436e9f1d27371fd57debed,0x3987cb19bd79f5a7616c7351796a339176d69603,0x2bd57c3ca216f0d38b18bcfd14595f12dfb13c35,0,98555
10796434,0x9bf02eb9e0082b2e19b350a3fc2585d31dd0a7aeb656a0025e829d8f2bdb5356,0x050bf90cc79d7a4aca382b233002303fb7baa5a3,0x2bd57c3ca216f0d38b18bcfd14595f12dfb13c35,0,106661
10796434,0xfc5445a97b496f2c35de50066c39902486432210d1be77e830d56ff0145b3edf,0x2ee3441f16a5ef72a3ecea91c81cfbf5357861fc,0xdd5fc7ec1a6a6cfdcd79d9aab95a4b0e7a529e8f,0,35007
10796434,0x3665ce33ed25a2c14f47f170b6c828641ee946eb79ecdbe975781924c7136be0,0xb18d35445fbdfaa04393ae9fd51a378d95c85076,0x425a71f7855e4ce0a3ff8ac3d7b34214819e8843,0,48698
10796434,0x2e0313a206cb569976b088d2601c7f68ce5d01e3667c4cd612e20a744e371fd7,0xc262b862e8ab8bbfe0eff6b898de225db33dcc92,0x2bd57c3ca216f0d38b18bcfd14595f12dfb13c35,0,106661
10796434,0xe8b2a23dc7571ebb0d53715e69155ccb208ecf7b239b133f9dd7dd13b7e3e18a,0x2ee3441f16a5ef72a3ecea91c81cfbf5357861fc,0xdd5fc7ec1a6a6cfdcd79d9aab95a4b0e7a529e8f,0,35007
10796434,0xaf10467e196b34e1e971e208dbe39d37a8b9f997ee856f4bb146be290a05f372,0xb18d35445fbdfaa04393ae9fd51a378d95c85076,0x425a71f7855e4ce0a3ff8ac3d7b34214819e8843,0,48698
10796434,0xe275bdb9f485d0d212594200bbff31ca1b55b5e6d7402390bc42baba4bfb6c27,0x2ee3441f16a5ef72a3ecea91c81cfbf5357861fc,0xdd5fc7ec1a6a6cfdcd79d9aab95a4b0e7a529e8f,0,35007
10796434,0x3d056511742feb9bf06c58c2a045bf2e59a50f367b5f1ebc3e443b26a4da278a,0x2ee3441f16a5ef72a3ecea91c81cfbf5357861fc,0xdd5fc7ec1a6a6cfdcd79d9aab95a4b0e7a529e8f,0,35007
10796434,0x3265c4d4f5b7a0dda240fee1bf19d322932437fb4b5dc2978a53d1882ad0ced3,0x2ee3441f16a5ef72a3ecea91c81cfbf5357861fc,0xdd5fc7ec1a6a6cfdcd79d9aab95a4b0e7a529e8f,0,35007
10796434,0xfd61cc54a19d10f9e3d969eceb799c62dde3cd93560fe2dfed96e0b10628f846,0x2ee3441f16a5ef72a3ecea91c81cfbf5357861fc,0xdd5fc7ec1a6a6cfdcd79d9aab95a4b0e7a529e8f,0,35007
10796434,0xd47fc2f47784a70da85365b5a213b5889529458794e2d16604cd9fb6bd806fe2,0x2ee3441f16a5ef72a3ecea91c81cfbf5357861fc,0xdd5fc7ec1a6a6cfdcd79d9aab95a4b0e7a529e8f,0,35007
10796434,0x0897f1c73cd083d2469ca1b39686ec0e95cceba0610885156c0aabe7f766c4c2,0x2ee3441f16a5ef72a3ecea91c81cfbf5357861fc,0xdd5fc7ec1a6a6cfdcd79d9aab95a4b0e7a529e8f,0,35007
10796434,0xfa9d5ce6ff9b1b7eb232418b9be52d22e35b3049db362458d215c4fdb0aa4503,0x2ee3441f16a5ef72a3ecea91c81cfbf5357861fc,0xdd5fc7ec1a6a6cfdcd79d9aab95a4b0e7a529e8f,0,35007
10796434,0x7c4d9fefed835171c169e8ede64e9a42256a4bb92454bede173ad505b175e7d6,0x2ee3441f16a5ef72a3ecea91c81cfbf5357861fc,0xdd5fc7ec1a6a6cfdcd79d9aab95a4b0e7a529e8f,0,35007
10796434,0x4486ac67558cdcb391df1ec50e0dc5c72dcb56ee00261064d4c74622dd81d5cf,0x2ee3441f16a5ef72a3ecea91c81cfbf5357861fc,0xdd5fc7ec1a6a6cfdcd79d9aab95a4b0e7a529e8f,0,35007
10796434,0x4efd73a53ab67cbf322c970410b682b751beee36a6be56abe4003a90841573be,0x66af0d3bf6b4d2a3b05449c74f4aa41660d527b6,0xa1f78bed1a79b9aec972e373e0e7f63d8cace4a8,0,122777
10796434,0x682c93d8c18780b7a70c70b7c35c15d877abd1d83576053855290d9602f82f85,0x4c0fa080de1efbf94a86d9b02f745801457064a6,0xa1f78bed1a79b9aec972e373e0e7f63d8cace4a8,0,122789
10796434,0xa794f65653b88f33b724b24f3bf1a2ef7f53872289e60d61ebb043af0e583e3d,0x8cb3e7d4361c8d0c8b1294ad30a8c67bcda2d3c6,0xa1f78bed1a79b9aec972e373e0e7f63d8cace4a8,0,122789
10796434,0xd79b57e6fa515145b00f4ed3f8db41bd0f5bcb1902c655690deb55e258beacf8,0xbbdfde317b8e1fd51d1984be7b2df3fb7f56cb1e,0x87a3effb84cbe1e4cab6ab430139ec41d156d55a,0,24181
10796434,0x926915d49cb507679ed0fe9806f2ce434a4b30fb9e15934c64ddb9061c98f08e,0xd800a83e84e086793b895d3a66b3b1648818d69d,0x956962c34687a954e611a83619abaa37ce6bc78a,0.000001,64627
10796435,0x6cb2d07c7556b17f18bcefb05b11f056f8e46626297e87f652e30d1396922ad8,0x690c39adabdea83322bf8e90626cd40eeb456a95,0xc2c8ea7679b5119fe934bc20262ac99d9497517c,0.001,21000
10796435,0xe3325b51a9426766199a6a1e1a93d0f364c354d854b9fa3e42062821ecd55ed8,0x1a14ba2321b9d8df443a43797f89daba168360a8,0xc2c8ea7679b5119fe934bc20262ac99d9497517c,0.001,21000
10796435,0x1f0389171b225889d22692a0efe0be8e70473dfc4b2396b8c80a2beb7c888736,0x690c39adabdea83322bf8e90626cd40eeb456a95,0xc2c8ea7679b5119fe934bc20262ac99d9497517c,0.001,21000
10796435,0xf68b9c1a95cff2f677f0bf9e4c94f701a9618cba4b38ccc7758831a3695bfe48,0xc2c8ea7679b5119fe934bc20262ac99d9497517c,0x690c39adabdea83322bf8e90626cd40eeb456a95,0.003,21000
10796435,0x4b5049716668eefccdc2926877a1f3f445f0c64f17bcdbc726993853df8686e1,0xc2c8ea7679b5119fe934bc20262ac99d9497517c,0x3429519ee7cdbb13b49161f1eb6e1b026939113a,0,35034
10796435,0x41df8f86e6fb926a4a08cfebc982165822137dcbbdb56d5879b579fadbf590b6,0xd042512d49d13d277f1470c9d92aab08a889658c,0xfa6419a3d3503a016df3a59f690734862ca2a78d,0,244216
10796435,0x284b1bf0e3f0c392dade9d71883e108c321201b338adc929f5dd314fd15e3535,0x00d733d4f920aaac6c7c0de7430b82c25c9e67e6,0x10c15c29fb208047df6247514c0416c217e6f6e2,0,134074
10796435,0x1f65bbbb8f1c3d8caaffdc2780c10f0229c034bdd828d5a488607ef4850d7df3,0xe93d0044bfb60ae3d78e5406876ea718110bcfeb,0x540ab71e790b217e92e06cecc68c347d350249b8,0,30813
10796435,0xb3027221673fe02e1a47b11fc356cb56f6662b98bd1f353a337863388192600a,0x34abed5b214587565ae1c8c6dbaece17e8a04235,0xf2939afa86f6f933a3ce17fcab007907b6b0b7a4,0.005,91067
10796435,0xe478a55c3fe7e190bd5c443f0736caf67f2751e5deae01a7a90e5d29cb9c1b38,0xcaa65f0261136a334dfdeae2d71c8768e12c953e,0xf2939afa86f6f933a3ce17fcab007907b6b0b7a4,0.005,91067
10796435,0x02489204d6aa759f72ce78d456a3317e5d0702b9f4df162caf7fee0eca67f410,0xbeabccbab14413dedbd0f98ff9887e8586aad088,0xf2939afa86f6f933a3ce17fcab007907b6b0b7a4,0.005,91067
10796435,0x7930f7c3e5710116d2251252cd4f8e31c65564d39affb8a5800a8c672b3582f9,0x76988d6ebadecf781c16dad68de34fa396bf1a38,0xf2939afa86f6f933a3ce17fcab007907b6b0b7a4,0.005,91067
10796435,0x521f9ddfceaffb8b7141a51d84eaa65d652bc05060d1ffb62a58c8c85adda89e,0x919708d253389b341e80a41b6b04034cbf78465c,0xf2939afa86f6f933a3ce17fcab007907b6b0b7a4,0.005,91067
10796435,0x992267b32c791886c8e395b01d6ea2b52b879243f2805b5915afe543a5ef20a6,0xf75234e39a256a40834c186566807d333c276735,0x4fe3ff7d0a60da5ca44923cd0a8596df54997a82,0,50636
10796435,0x3ba419058830e6264abf71bfddd5f3724474bba5cda9b74949731839b2c21822,0x2183c306510717028b93f6761892aa7485f8c5f5,0x78597b5bf23656615ecb7a7b3e19a7de4bd27e70,0,23360
10796435,0x9c260200cd541f162511810fe0388fc60a837aa41558d33b72a787e4313caa7d,0x8f36db7f5cb7efc1dc2c5b63310e8356a77ebae2,0xf2939afa86f6f933a3ce17fcab007907b6b0b7a4,0.005,91067
10796435,0x9008c2ec19c14aa0bc73745e6b52e43b2e02ab8895f1c24ff9da5a04d76d9cdf,0x6d6dfb11982e2c42d56b0d610a6df24def006503,0xf2939afa86f6f933a3ce17fcab007907b6b0b7a4,0.005,91067
10796435,0x31d3a20af0480e6585be69bae756e807c0bae109f7a4a0455af79a3a26cf13d0,0x5fab9499966dee4a9e65c2b96b4f5efc63518efc,0xf2939afa86f6f933a3ce17fcab007907b6b0b7a4,0.005,91067
10796435,0x339e899ea5c6ceb2921b13cf3c0eb66487faddd45a9c5de2976be8c5b96c2812,0xeac9552b4eb2ffb0e19183f76b4603db23e2dee1,0x8047a14301583caaf9e2128d5f88f9f435659d35,0,26534
10796435,0x9f100295a8d787bb3d88382ce7480dfdc1a2d83c9105f4b0c8cdb4915122743e,0xf65d18aa43677953ba7ed9ec49e1777758d75a48,0x22aa08f3e63991ea6b80dfdda08187a123fa40b5,0.000063551940046128,21000
10796435,0x51fbc21c0e17169978a62d744fe3b6978c9f6305edd97ad4fa784f9104662cfa,0xe80170a5adbb8a94f5385f5ec4dcdbba00bb999b,0x54f99a0607e689788464b0193737d6a8a78c16c7,0,400360
10796435,0xb69c9309f71441be5436de14923c66e4061a76ab61012c346d907922ed9e640b,0x99891b03ff51714ae92f904ff71bd0172e9a568a,0x8236df66cd07d6b47254b2d5a45e2746128496d5,0,37234
10796435,0x939b31a2ef33830a684d63dd9fd6e5ec016aa8ca90702c41b5e0ef32e9707276,0x08d7544e052d4cb51df4ae726e71ba1931cfc4ac,0x0a90c4796a304f29d478edf9aec3eb0582c20ab7,0,29377
10796435,0x7cbb6f74324ad4f5d82229129d681ca5ce8eaa95fa17fda224d4f08db3693dce,0x96209c5853b6158d43198795dca4b65b9abeffe8,0x87a3effb84cbe1e4cab6ab430139ec41d156d55a,0,21660
10796435,0x77615f76a8d2d9fcebed0404ba0c084eee76163ebb652fd1a1c07e4f50c1b548,0x001c124488545022f32c963cafa2cef7fcb2796f,0x5627b89ec33cece4d22cf99d6c775490de31d18d,0,86838
10796435,0x455935f281b945b1794cf7f446344135c3ad7e8ef6c50d9806565ccb39b4d17e,0x1b782f711f55c8c4197acdd9927691eb37ac25a3,0x9b6dbb33f556976fe838fa5f737b51b977626885,0,90961
10796435,0x3385f16bcef662396c1df1a6dff16466dadaf688dc4b0d47e5027272cade6588,0xf65d18aa43677953ba7ed9ec49e1777758d75a48,0x2c5ed5731a7e746d523b9a0524fed2cbc21b127d,0.000063551940046128,21000
10796435,0x8b0259de830b14ec6873fae5213205cfcd5c4e8a2d66d90fe88ebcc83d336f5e,0xe030aea8ba81851e224888532c0dcade084c58c9,0x0247b1f09b4c601a46f75a105d291e6213712846,0,37267
10796435,0x3d1254f0ac768329438d4ac7bb958d14c6ccfa83e06625cba3bfca05070569e5,0x37819363b1548dad725952d3546d958fc186a5a8,0x6d260eff0548480adf5629ed91ace805d57bf979,0,90994
10796435,0x52588014859f7848874112cfea6b8386ab93284675ff4bbe95dba144cd294da2,0x02fe06fae7b32fa31ecd27bfbe4ef23011714a41,0x3320b95782d61829b615933109328bef282fb020,0,30322
10796435,0xdca030fb2d9356ff0d4772102f9453c2163aa152786859594ca66dae48eaa87a,0x7c88c04882b30dfa35dda7dc8505e416f32d5ee8,0x3320b95782d61829b615933109328bef282fb020,0,30322
10796435,0x7356983862237075a7881760691eb3485197b85d107c207e2d7cd607b6562fad,0x52add72b435f426d85fc4c7419d6fbd5dfe33e1e,0x0054fd8b29047f3c41814ff631f9024439231b82,0,21000
10796435,0x7f527871df674a312015ceeffca6686e8196e609e539f771fcfbc2c5f1741e22,0xa2130acca3d41e2199a99aa50e318708b6832fab,0xa1f78bed1a79b9aec972e373e0e7f63d8cace4a8,0,76678
10796435,0x265838374a3bd93c326ac85f49e37841dd4e6fadd3a109af1dd77896b910fc8f,0xa3991717612d5a4e0250fef728a62e616e005d8b,0xca11bde05977b3631167028862be2a173976ca11,0,339640
10796435,0xbb8975826aeefb11254917aa3a473dd657a8c2b0bf47e282ef057ca98b397aa7,0xa59ce7b786cbfec43541101e1fdcb18a30aa4883,0xca11bde05977b3631167028862be2a173976ca11,0,311238
10796435,0x4eae553f1225d5ee2e2cc34624bb3eef832f17812c658333698e473ad5dd4a6d,0xfe2952ad10262c6b466070ca34dbb7fa54b882e3,0x3d3263d0c2637ea55dea4110edd4f2cf3102f613,0,233462
10796435,0x416a366d8a74367a60be1d9216e25a6de1a93c4cc538b37a17fa279dc3c8b2e5,0xc0a264b387c791480c7a16494101ae2ac129a204,0x8d427943b850179300b372483aace7b887845bf3,0,48886
10796435,0x7ab819afe6b17e253547d64e26ba789bc3cec93fd6e809c3d045d610324b6b05,0x8948d8d5602df5f37a059cda0189492c2b1e1410,0x26716224ecabc8a5a3f1d51c3d6e7d0a369a5e45,0,101713
10796435,0x37e0e810d929e777dbe4b2ff95146ca5bc819c842d5c44a6e7a4619244ac4ec1,0xf943db03d1867269c5e1e561fce36b83543945f3,0xa1f78bed1a79b9aec972e373e0e7f63d8cace4a8,0.006361,165791
10796435,0xbad60b023fa88f0604138dd7b6f6db0b300865b822e28500d696577fd54e7c42,0x2a2c0db80b5b9ef4ac1a98f62b9b1832d3403c63,0xf467ec26cf1911a0ff87e3a6d36b3aec915506a9,0,144797
10796435,0x41958ea3f15f267eb6615630ed339594e8bc758084bbcdbae35e498a55719e4b,0x3b0a06e408727bed9b044b1a97ee74aed3fb4d6a,0x3a9d48ab9751398bbfa63ad67599bb04e4bdf98b,0.05,184475
10796435,0x2f4bd49d2832644b1f7b5bf11ffb037b0c8dc23129fe507362bd4b44e1e6372b,0x47e3eb1928377cfd59824d93620f4cdbe3ccf325,0xc532a74256d3db42d0bf7a0400fefdbad7694008,0.000089850750821008,21310
10796435,0xa0ab62a16b8e8af0fcf73c3e9b9450968887bc0df5c4f383124d9a8fdb644ebc,0x8997dab5555aa92fc25b89a16ef7321c628029cc,0xc532a74256d3db42d0bf7a0400fefdbad7694008,0.000068462329490206,21310
10796435,0x84e2590ac83568094e1080d6328366499a474af5744a4f880382751cabaa7a38,0x957e5120ab38e00e8ef7b25ee2a3c70182a2f4c8,0x8d7d312743e232fbb4d8ddb5df42b1e624d6ae6f,0.000012254656686259,21000
10796435,0x6057238944441adf7ad51cd87cfdd094317ad2f8304b162b40537a8e925303de,0x372be73e3e92553f866321b5cb09efea8285b210,0xc532a74256d3db42d0bf7a0400fefdbad7694008,0.000090101654618849,21310
10796435,0x96cec9214c3c4ec2c91d1bce668f03d480289159e77240ec429432d1c02aa297,0xa2e9d10e48af59aab5c9b9c57362e4b830c5ff38,0xa2e9d10e48af59aab5c9b9c57362e4b830c5ff38,0,21160
10796435,0x697eff51760b6b00a654822371e15dc09d9ae0fb80b765aab0b8732973c27ad0,0x2548073da5e4dffa585a0a8f109cbe80fc349c98,0x2548073da5e4dffa585a0a8f109cbe80fc349c98,0,21160
10796435,0x26ac854135f45dc1ab52a138fdfe87f33a9ab73abf5d8409485ca4a05e22bc20,0x482a48a641e269ad275c831c7baf8690f6a4196e,0xc532a74256d3db42d0bf7a0400fefdbad7694008,0.000091763733971113,21310
10796435,0x5fc66cff3e574e6d072ccad8a500f6aecca976f0841c3926f206a2744ec2151e,0x1b0e8bca8a36fcc11e033cf645bbade3e3237485,0x11c9754d29380043300fd25a20e81c1f24da8de5,0.000017113971612724,21000
10796435,0x4be2a1556cad2a200031d8a388abc3ef4cd9535b6d70912a5ec58c45c461b5e0,0xb75f6512d673eb4d2613ab9df99a220d2f588c4b,0xc532a74256d3db42d0bf7a0400fefdbad7694008,0.000089443642907505,21310
10796435,0x2396ae33430cdd68320d4be5fecdf4c82892ef3e4e456824a166f063047c11dd,0x11c9754d29380043300fd25a20e81c1f24da8de5,0xc532a74256d3db42d0bf7a0400fefdbad7694008,0.00007733190397871,21310
10796435,0x32b9fb80ca98fda2137f31d1fbcb94d94fe2203ca639c0cd3f9267ca484f6577,0x52c8ea8632b9d0a0d4fdd88752e6902c16b7104b,0xfa6419a3d3503a016df3a59f690734862ca2a78d,0,428870
10796435,0xedd876d0b2f2865cedbe7d5bd1dcd6f22184310a36625414769ce83304d5445c,0x935c21ea948ad2f4fe519e74f4fc12f894a128fa,0x07060c8684163935bbf610852eb34a2fa82faef7,0.000015816381148372,21000
10796435,0x7f78e5bf0f91293784534121f124f35b68c1ff89e52792f6aab470370dc1db17,0x4fca0805cc0f69e35984cead6702b315ce885677,0xd64a8cd5c97b59d17ca396fc3fdfd08d2fff7da2,0.929551555706996652,21000
10796435,0x90617c5b989bb348421b627a299f18e6344411411524f425507998cf53547bb5,0x35096a64352f7c0df6c651ac86eb80d2bb7fb7b7,0xb0460bcc6352a89b4abb026993fea4661567c6b2,0,375975
10796435,0x263a9d6dedb5160a5eb2bcac5fac16e4030e1c3ebd68fcef2b00b65dd085f6eb,0x8db96a04f55ca1bc6cf636231626f73218bc34aa,0xf467ec26cf1911a0ff87e3a6d36b3aec915506a9,0,1709571
10796435,0x8d72c7231bc2772387a44a6afdc6c50897be91662f8dcf3d82f49c13530410c3,0xb5de4c3ba717d0684d32c6d48e100b3a9e543cce,0xeb154c7243bdd1abb55b366f88b9db834b8ddef4,0,250557
10796435,0x77598072c61f70376b9d476d5240d6e910931d08b3f4fb1a95f1847b8c6ee9f9,0x432164e0005bd524139488113ecfb539899f2853,0xfa6419a3d3503a016df3a59f690734862ca2a78d,0,442550
10796435,0x64e0b9d396baf32b698ef198326cd9baebb825bae8ee15de77ed98dfa0856e82,0x4e1608d4e42d88c8ad1d2887a00f0a99116cf7f2,0xc132c8a82a24fe1e491082932e3db4f70ce95c93,0,553526
10796435,0x90af969c5259c768fa67f8f22f7b302f302011874d5cbcaca88c1ecc03b0c976,0xe43340af9cd848a76ac8304caf5adee0d55cba54,0xee0418bd560613fbcf924c36235ab1ec301d4933,0,46201
10796435,0x3c050b9142049ec1a8f02fba3ad5bf3348aaa6f1e2916623d9e7b8f4e4ab7680,0xd78402167144144ed5f40e9d6d3736960819f9c1,0xa1f78bed1a79b9aec972e373e0e7f63d8cace4a8,0,141896
10796435,0xc54b597543c5d19e1b49f653019ca6b3abf7113cb61b6f02e0ae7734d189a24d,0x825476f525b29ab9d3914fff7d16fe90cc44fbea,0xfa6419a3d3503a016df3a59f690734862ca2a78d,0,442540
10796435,0x9158a2a1375dc818a83b0e8026d9e057bd15b3f61c21a7f78cc74476d05fac71,0x4110e3b9d2380ca1b15b09b9d1a192c0aecfdc87,0xf467ec26cf1911a0ff87e3a6d36b3aec915506a9,0,453850
10796435,0x3c32caba12ecce97fe25e03d15621f422b99b3e1f1964ddfa1adce52033b21bd,0x06ebb0eb4514389222a4621c9735ef58ee83b7ca,0xf467ec26cf1911a0ff87e3a6d36b3aec915506a9,0,449069
10796435,0x924ffbe6b7fe15990826baf965a814f1d90c35eed98519affbe885b594796c9b,0x08eaad5dd540b9ada872a2afd5b9b04c6161897d,0x93310a56147b1ea7486ab84f8d850fd0a216429b,0,127773
10796435,0xdad2124e82af62e8df5125f132657a300391514577bc9722fc039a16e7f7df9b,0xf5c2f0bf6eaab5a591dc884867509c884457badc,0x93310a56147b1ea7486ab84f8d850fd0a216429b,0,127773
10796435,0xbfcc634561b537ab1e8a97e993e2607276845519cb6fa36d924736e1c3fa976a,0x829460fbaf4e342bfbd3e706894f91c60281dc8d,0x93310a56147b1ea7486ab84f8d850fd0a216429b,0,137369
10796435,0xe593383aa285845c24636273e4a835ecfa79b0ef0c396f74de059e9128724100,0x0fce5cc80faf8e70841c7d9413ec2d4771ed32c3,0xa1f78bed1a79b9aec972e373e0e7f63d8cace4a8,0,107272
10796435,0x39c2bc77f379b4b629e9288cfef5e7b8f8caaf3bcbb108684270535cd7185fd4,0x66af0d3bf6b4d2a3b05449c74f4aa41660d527b6,0x93310a56147b1ea7486ab84f8d850fd0a216429b,0,448182
10796435,0xbac1173063a3eff0ecac72455b3ebcb4e4dc4818f911daa37e7fc97c29b950b9,0x26317d9456f9ccb0aa252618ecd940dbcdc498ef,0xa1f78bed1a79b9aec972e373e0e7f63d8cace4a8,0.000394172736480603,111742
10796435,0x850ad8cf489b5589fa894a143e22e5b574e57bb52e9fb82b74a297395dfccf12,0x4c0fa080de1efbf94a86d9b02f745801457064a6,0xa1f78bed1a79b9aec972e373e0e7f63d8cace4a8,0.000249891236512038,106090
10796435,0xb3007e36f25344e6a7da28970368894c91fa7b4d933f204c6772d4575d903da5,0x6d91a4ec6c2a3b49f7971bcab800a5756ab4afe5,0xa1f78bed1a79b9aec972e373e0e7f63d8cace4a8,0.000201864473705996,106078
10796435,0x84aa0ead6f906c3645681ad59cbbbdc7c1348e3ada5ad743cef25bc17f9cb53f,0x8cb3e7d4361c8d0c8b1294ad30a8c67bcda2d3c6,0xa1f78bed1a79b9aec972e373e0e7f63d8cace4a8,0.000447280746364618,106090
10796435,0x490ad2f5380efb656c80b68465865be38edadb4e78958dc083c8132bbf1cf20f,0x2f981883c6a961f3b9966e9e2f000c13de6cef04,0xa1f78bed1a79b9aec972e373e0e7f63d8cace4a8,0.000433389851331087,106078
10796435,0xd6d858134bcdc1a3f629ed9a3ba042c9bad11289282dc8ee89143233f0262a4a,0x74870ea6217f5c742fa8995de4888d572a8e03f2,0xa1f78bed1a79b9aec972e373e0e7f63d8cace4a8,0,122789
10796435,0x2f7f6545771694f542035ba7020fd578dbd700c7f8086fee5f92d77ad4aef93a,0x1e7a789ab5a5a1d0b4448df31902d477dfaa4089,0xa1f78bed1a79b9aec972e373e0e7f63d8cace4a8,0.000297400456449386,106090
10796435,0xd09770fb12fcb66ad0c05ee9505f12a9bcfe869d6db9da9a3939493f572f599e,0x22e3ab72849fc54aaf119716c3cea1f2d8ddf1d5,0xa1f78bed1a79b9aec972e373e0e7f63d8cace4a8,0.000118870950702514,111742
10796435,0x8a2212467e4d5d9aab67f31c122d3a86a39e4d10a4e96b3ef0580cc8427b6571,0x853a353420f27ffbedd3517b8cc2dbd9da9c73f0,0xa1f78bed1a79b9aec972e373e0e7f63d8cace4a8,0.000224753014383649,111742
10796435,0x256942ed279da1885a49ac289a4eb7d7ef90dae8507eb4c83cddc1ca26753522,0x22cace5050359a8a6f51634d0407ceaf1c2b2e0a,0xa1f78bed1a79b9aec972e373e0e7f63d8cace4a8,0.000486033569052422,106090
10796435,0x59dca22b58ecc0d065ea882a8c1f5d03a063efaa7b943b5348ed9c06a0c8977d,0x24922c0d77e4f8a771ea2bd7c6e1ae45c7a9d49a,0xa1f78bed1a79b9aec972e373e0e7f63d8cace4a8,0.00030332852352009,106090
10796435,0xb07e92cde5a015caab85d31932cb0b0e58426847b48ed16d21afab7ddf22fecd,0x2138d6698d08bbf7902178e789a26ebd566eadd2,0xf467ec26cf1911a0ff87e3a6d36b3aec915506a9,0,118232
10796435,0x7f46735fcdc7748a7426de927e94d58552a769f2f907bb61f6736957b5f87da5,0x8448175f416a6a3d5528499bf28f2053d1c16a01,0xa1f78bed1a79b9aec972e373e0e7f63d8cace4a8,0,122789
10796435,0x4d46aeb74a7f305a4fe9f5c6f2696cf12fcf4c472dd720877d6f54cd9270af36,0x50fc5626cc6755456e1b22d72bd6807274210f51,0xa1f78bed1a79b9aec972e373e0e7f63d8cace4a8,0,121936
10796435,0x9585f5fd18e2edef8e5ae432f24f5dc02d8f270a0eeaed49890cec185945e37b,0x2ee3441f16a5ef72a3ecea91c81cfbf5357861fc,0xdd5fc7ec1a6a6cfdcd79d9aab95a4b0e7a529e8f,0,35007
10796435,0x6ca626433644a651025330ac5eea1bf18dab3a9672b6811a3de8a65c94314f9f,0x2ee3441f16a5ef72a3ecea91c81cfbf5357861fc,0xdd5fc7ec1a6a6cfdcd79d9aab95a4b0e7a529e8f,0,34995
10796435,0x4e00994e7773403c41732c9b568582edd58b1b590754fc1cae6d6897c5abd43b,0x2ee3441f16a5ef72a3ecea91c81cfbf5357861fc,0xdd5fc7ec1a6a6cfdcd79d9aab95a4b0e7a529e8f,0,35007
10796435,0xbc6e5b33a61d1d4a22bcf96807232715696e12cdf52e6bdbf9b7adafb92b450b,0x2ee3441f16a5ef72a3ecea91c81cfbf5357861fc,0xdd5fc7ec1a6a6cfdcd79d9aab95a4b0e7a529e8f,0,35007
10796435,0x7e34b84023e4511af6f869d7173447ea6e8dee42eec64099cb0e43051c09a14c,0x2ee3441f16a5ef72a3ecea91c81cfbf5357861fc,0xdd5fc7ec1a6a6cfdcd79d9aab95a4b0e7a529e8f,0,35007
10796435,0x68b34e6668dc992170efe9b3dbd6416b927cd80fbdb769f98444023176502980,0x2ee3441f16a5ef72a3ecea91c81cfbf5357861fc,0xdd5fc7ec1a6a6cfdcd79d9aab95a4b0e7a529e8f,0,35007
10796435,0x676f63202d608f5bb6383312191fc61177e918480c6905338fcdfe76f67a5b70,0x2ee3441f16a5ef72a3ecea91c81cfbf5357861fc,0xdd5fc7ec1a6a6cfdcd79d9aab95a4b0e7a529e8f,0,35007
10796435,0x1817f8f2f0eaec7b49817f7866311d6d8b1b699d49eaa0679a50896cce3a43ea,0x2ee3441f16a5ef72a3ecea91c81cfbf5357861fc,0xdd5fc7ec1a6a6cfdcd79d9aab95a4b0e7a529e8f,0,35007
10796435,0x2a09a3ea3f5b251af5777d95ff71fa84c9f0b11654ccafe8710bae09f0b3525b,0x2ee3441f16a5ef72a3ecea91c81cfbf5357861fc,0xdd5fc7ec1a6a6cfdcd79d9aab95a4b0e7a529e8f,0,35007
10796435,0xa0f1889edb41d38beec2bb3afcf167df892e30e308c89c1fe71fac8100dd9ba3,0x2ee3441f16a5ef72a3ecea91c81cfbf5357861fc,0xdd5fc7ec1a6a6cfdcd79d9aab95a4b0e7a529e8f,0,35007
10796435,0x0a31415282519ce5fba413c8ee33b2ceb0721187ea85b09567515e9e90bf3160,0x2ee3441f16a5ef72a3ecea91c81cfbf5357861fc,0xdd5fc7ec1a6a6cfdcd79d9aab95a4b0e7a529e8f,0,35007
10796435,0x0faf7dd8271815b3d3344151577de739cd28ef80583486fc7fc4590da08486bf,0x2ee3441f16a5ef72a3ecea91c81cfbf5357861fc,0xdd5fc7ec1a6a6cfdcd79d9aab95a4b0e7a529e8f,0,35007
10796435,0xe677badca67ed764ec76b8410915a4c2e5c6e4279b930a3f1c8e79bc2096766b,0x2ee3441f16a5ef72a3ecea91c81cfbf5357861fc,0xdd5fc7ec1a6a6cfdcd79d9aab95a4b0e7a529e8f,0,35007
10796435,0xaaf93e76fda21697a300e590196d56069896b5cea6b8e0d57ab397b62351c4b2,0x2ee3441f16a5ef72a3ecea91c81cfbf5357861fc,0xdd5fc7ec1a6a6cfdcd79d9aab95a4b0e7a529e8f,0,35007
10796435,0xf727a5f4aaec93836352a1c3254c021c62d22bad6ddf08cfd49d372baf378bfc,0x2ee3441f16a5ef72a3ecea91c81cfbf5357861fc,0xdd5fc7ec1a6a6cfdcd79d9aab95a4b0e7a529e8f,0,35007
10796435,0xad942612075155b09fd5caf8819938a5b85e6219f930a2ce03ecaa3dcbcc2b16,0x2ee3441f16a5ef72a3ecea91c81cfbf5357861fc,0xdd5fc7ec1a6a6cfdcd79d9aab95a4b0e7a529e8f,0,35007
10796435,0x3a852d7f87c508ec34fbefd0de36303190790e2397119b60338cad366d85b0fe,0x2ee3441f16a5ef72a3ecea91c81cfbf5357861fc,0xdd5fc7ec1a6a6cfdcd79d9aab95a4b0e7a529e8f,0,35007
10796435,0xa1ba47ed29628308eca41e04fbf0671846f29321be9dc9e1b224b502107c8250,0x2ee3441f16a5ef72a3ecea91c81cfbf5357861fc,0xdd5fc7ec1a6a6cfdcd79d9aab95a4b0e7a529e8f,0,35007
10796435,0x151e23192f0bbeb56021e287c1ff31da7c8deac13bfc2abccf68688c704b4341,0x0a9650329216694960eb423cd1484abf092784c8,0xc6255a594299f1776de376d0509ab5ab875a6e3e,0,158127
10796435,0xae5cc07e076ca767182cf9b38cd59dd84f6aeddba4159f666f465e3c807b4340,0x40050b37378ca1f47a72e174595d2d8ae98d4263,0x2bc105f4ab8938f639e0ff7746db94f001011a7c,0,124369
10796435,0xb12af5f2c4f3c87363f47dfe4e6a53add94353bd2e251810a2e66524e639bcd7,0x7f9e99d9eda1c31b0ff0bba6736c8282320ee449,0x8cb68e3bf8259084560ec4c39cd8887ba9461861,0,47335
10796435,0x1700c280e5bd6816f9754fa60925c1ab90e4e35355606e0f6f699d5ff5fa74f7,0xa48ea9764aa4aff421d0c4b05d9cd0df998df575,0xa1f78bed1a79b9aec972e373e0e7f63d8cace4a8,0,113271
10796435,0x6dc597c9af2402f227cc759bf2ca135867c28c39784fadc090ff8d8ab3ec8bc9,0x815e80b44ffb13b79e49e804b5607f42b3505a5d,0xc6255a594299f1776de376d0509ab5ab875a6e3e,0,158151
10796435,0x3ff26a0c193c8315b2ec95e9a8758832cd41dca249a9f3f2649db02c58c4a251,0x82ef9aebc6d12ea33cdcc4383ccef2f2585bd12b,0x53aeb957be8f9ca48327c2344a8cc12257213d5d,0,29092
10796435,0x0f1fd34f786369cb2d7bd5be92a13dd6c0c944b4eb798703d7ab4ff31263ebaf,0xad9d8c3748f8ca23e18e3ed83bf8396659274b0c,0x2bd57c3ca216f0d38b18bcfd14595f12dfb13c35,1.45485E-7,37195
10796435,0x86b69e9edeb932e95a809c57efdadfa8ce01dc5bb78daf8e01cf5e9177629a8b,0xcc4695f07bf9bf68a7d11ed40fd97a1834773da5,0x3bfa4769fb09eefc5a80d6e87c3b9c650f7ae48e,0,131210
10796435,0xe782d030b3ad0103533371dece7dfb0721a636329bca02ccd3aae2fe97c3de57,0x001b63ddb3cee15ab546ac76af06cde9444ac373,0xa1f78bed1a79b9aec972e373e0e7f63d8cace4a8,0.003498506817802604,152578
10796435,0x49b2ef29fa4dd2e965771a5ea77bed6055fbd28399209ecbb505e99223cc3a8d,0x1000ca67129cce2f61a3d9d49f474451f4a5fec1,0xc6255a594299f1776de376d0509ab5ab875a6e3e,0,158139
10796435,0x02b894e7fa7947f56a105deae9ba547a0b35d1a8fdb979d2b802d7bfc9ed10ab,0x59046c6775d38b2d7f2be4ec12a6a25f62d574a9,0x000000000022d473030f116ddee9f6b43ac78ba3,0,47818
10796435,0xd31d262350ff4993ef75f265ee5feffa7d83f63c6b40c21bbec9e5e64e7e3316,0x9d595a5b2ee1a50c53da7c4052a7f89ca2314dc5,0xedb82347aec1808e0db393d3c3493da47f191018,0,29790
10796435,0xbfd3c34bd261ded3540e5483dfb0ed620cda56e09e21fe57db0424ba70890c32,0xff0308fda73275d3c09d1984d6faf2729ab78604,0xc6255a594299f1776de376d0509ab5ab875a6e3e,0,158127
10796435,0x206f09dea1c8c1c0080078d263eee1fe22ff2d31fbfe83101b2d8a2e77954baa,0xb18d35445fbdfaa04393ae9fd51a378d95c85076,0x425a71f7855e4ce0a3ff8ac3d7b34214819e8843,0,48698
10796435,0x50d4c100af51a7f3ab61f71b7d612af3739d75f56170e1879635ca2218b5a0ad,0x3987cb19bd79f5a7616c7351796a339176d69603,0x2bd57c3ca216f0d38b18bcfd14595f12dfb13c35,0,127723
10796435,0x33890cdd6a4e92047310397bab3d61f2cc6ca142f2c75d67a141694c22fb4ff5,0xc262b862e8ab8bbfe0eff6b898de225db33dcc92,0x2bd57c3ca216f0d38b18bcfd14595f12dfb13c35,0,145237
10796435,0xa91c16bb34e060f58b1a45d13c9617f7b65e2968fd2a3472b304fae3d2ff99aa,0x1337c0d309c249c98b5f783247258d0d9f84c0ee,0xe0540a63a03e24aa98f2bb88d75e9df8faf2aa16,2.82133628E-10,110560
10796435,0xb7d55d358742054617a188b562fe95eef4e93a7bf08b03e47b3f0362339ab700,0x050bf90cc79d7a4aca382b233002303fb7baa5a3,0x2bd57c3ca216f0d38b18bcfd14595f12dfb13c35,0,142718
10796435,0x3fcf541ab8989f79be0d7b905a4f96931d525a94c5ed0962b19ec31802095790,0xef36eea28835e3d378698aeb74f23593de4ed555,0xa1f78bed1a79b9aec972e373e0e7f63d8cace4a8,0.001339593479501103,123322
10796435,0x40fd0cf80c65b0e3b27ac12072391ec79e1d019d2f6d142c66acfa32b9889eb4,0x449c49cdcc01d23adfebd60ae984187c0a809e66,0xee75813d34e219021ad2c3a3fb17fa396f6a6977,0,292053
10796435,0xd8d2087c8d3e82e70b4e751806c1f070fa5c47d4f13b3daeebc534ea3c17be32,0x3f4718dd92e121f2638c331e8748fe360a0a2e6f,0x1e4299f7a19597e09bd8593ab7b68277183e9778,0,191912
10796435,0xfc3a516fd6a52f2630d2af024cc3d2b10825c066f7f0cf578adb38dcc725ea6b,0xd5cc6287107816ddfee7eb72ab71daa7878400ac,0xf467ec26cf1911a0ff87e3a6d36b3aec915506a9,0,116517
10796435,0x632b7ef915d63bee9f04eded47a596ea9a39601ea6b7aec25d215d670726aefb,0xd124b7e00ace5e3b422fdc6c78dec6cea32973c2,0x2bd57c3ca216f0d38b18bcfd14595f12dfb13c35,0,106661
10796435,0x9402b3afe1adf8f77c85433412d1ef7bdebdefc9b1912ac522190615074c0995,0x050bf90cc79d7a4aca382b233002303fb7baa5a3,0x2bd57c3ca216f0d38b18bcfd14595f12dfb13c35,0,98555
10796435,0x91fad070c5f2b780bbe3a027c99a4717c04273d94cdda2284c049a6a96990059,0xc262b862e8ab8bbfe0eff6b898de225db33dcc92,0x2bd57c3ca216f0d38b18bcfd14595f12dfb13c35,0,98555
10796435,0xb8e09c646014e823505e6de26aad410ef18ad7ff307d97f2fc95b271285ccaf8,0x3987cb19bd79f5a7616c7351796a339176d69603,0x2bd57c3ca216f0d38b18bcfd14595f12dfb13c35,0,106661
10796435,0xf5ce2a02f7d1b1f5e7bef39c7352d869e9536e354a06da57f6bc67f763c66ca5,0x0522e0fe5af55cb562d8bf0f44d3f293d9df187c,0x2bd57c3ca216f0d38b18bcfd14595f12dfb13c35,8.11516E-7,37195
10796435,0x957a51a68689cc6a8d4eaa4601bc0e2a701b500a819033f302a7769acd72f1cb,0x9a681052fc727afb0dd5d0cf8ca36457237bd60f,0x2bd57c3ca216f0d38b18bcfd14595f12dfb13c35,1.40172E-7,37195
10796435,0xe492e0e1621f8fab9cb1c936b773f7cae4e2556ed17deb1915e014de1fbe28f8,0x631253eae15f3ac809ce9d6bd7253b9935abfb57,0xa1f78bed1a79b9aec972e373e0e7f63d8cace4a8,0,121585
10796435,0x91e84ff59506f4203747ff4440393f62455844fc0c9b0ddbfeac8d7127aa6b1c,0x7641896640a994adcb60a72124c1b2422e4fd820,0xa3e36262f6899e27bb4b1802e8298e843e74cbc7,0,111074
10796435,0x787ebbfe356e10956e8cf8b035e0fee786f6756d8e95fd88007e8513545e5f2f,0x82f1b7142a38e8b114d964f416631be2e1dfb8ef,0xa1f78bed1a79b9aec972e373e0e7f63d8cace4a8,0,108101
10796435,0xe44c89ba419797cb2b9daff117cc92093976c0b1c12f874ceb9357d440a5e0e4,0xd4d1361edd4e9ee2b3050a22782f077631fb8692,0xa1f78bed1a79b9aec972e373e0e7f63d8cace4a8,0,117268
10796435,0xac80fe1b5eb32efcd92376be80c73aeada09dd3de29ab49588742027c05067ba,0x2735bd4edf19957a79deb609d72bf33e59849348,0x132fc7bda8416dffac445be7dc399fbf46eb69b1,0,52119
10796435,0xa95410d859486d90930c576f070573cf5aa5e2bebf7a08f03304ba4877f75af8,0xd4509367eb108053b2df44b774303f9105e89daf,0xa1f78bed1a79b9aec972e373e0e7f63d8cace4a8,0.000012,111826
10796435,0x1d7826576b1c3dfbeb9794feff5274df6099facecf708e4e5453919cf335bb37,0xe07753b076ec22c4b0db21a4a9a8f027070c4e63,0x2bd57c3ca216f0d38b18bcfd14595f12dfb13c35,5.82697E-7,37195
10796435,0xeb7d2a56b75eb3d004dee24b4d2ee78a22c53f8cc8defb799ce93423bc59123f,0x2997f0a672988d173fa147f8c6c7e9380bfee71f,0x93310a56147b1ea7486ab84f8d850fd0a216429b,0,442216
10796435,0x85f7de27b4153479a0c94ec3d89c71bb49a4f480852da4798ccbdde408a6ebdb,0x8e6e5a95360706f4f203396e275619bff59c53c6,0x93310a56147b1ea7486ab84f8d850fd0a216429b,0,195054
10796435,0x5268223a171f4a7ebd8c83987d44562bf5b0899ddad3f7bc180baac6090d21a9,0xa46c0d7cc3431fa69f13334d6f1b864eb4054909,0x2bd57c3ca216f0d38b18bcfd14595f12dfb13c35,1.39722E-7,37195
10796435,0xa43db22e5dc4c675a2df893f3201bd84dccf5e12bdbba3f632ebe370a752e426,0x9d595a5b2ee1a50c53da7c4052a7f89ca2314dc5,0xedb82347aec1808e0db393d3c3493da47f191018,0,29790
10796435,0x8507f275311179d01663a1c9fce085d813d07266365c293ea996f03f8d01410d,0x21d085990a494d8e013441f8e9debc6531122eb1,0xdf76750b99a8853e85ab3dfa0982d10245643999,0,587291
10796435,0xac7a3856839a8df22ab91386e0f7aeecf468d7507063e500113349e082a403a1,0xb001aeb47bdb31ebe36c74518ee7b42e0926c697,0x73b668d8374ddb42c9e2f46fd5b754ac215495bc,0,494655
10796435,0xb895a21447a602800968824e869bcfb9d1671ae10d19e018e9a7e3d352c45e60,0xc001e185538a55cf12f6c7cb70633917cfd47be1,0x73b668d8374ddb42c9e2f46fd5b754ac215495bc,0,116167
10796435,0x06dcd5ddfe13dd942a6cf88d0e1eb891c99255a3fe88ad176b77a99a1ea04054,0x74ec75228937f926bce107ae09c85f9ed5f05d57,0x62ee6aaf2afac4f0a3213e9f929fc054f6c6befa,0,166697
10796435,0x7f2418b0687e6eba84bae8524789fa7aaf02e12c0cb556634b50182ff3eba70e,0x8a3fe443061287d481e08ca86449a0759199b8a4,0xa1f78bed1a79b9aec972e373e0e7f63d8cace4a8,0,113271
10796435,0x5e2f350104ebc598e99bf8e872dd9408cf340bec1aa8e2977ddd007fc7249a79,0x216c796e9815edf360fb9e7f2afc77207221502f,0x2bd57c3ca216f0d38b18bcfd14595f12dfb13c35,7.40587E-7,37195
10796435,0xc9d3bfe3ddcba969eafdce16d5768d882468b866ee041a8e01384c825c598008,0xf8b24a656ab23b724e4a986d47dcff687db55d21,0xee567fe1712faf6149d80da1e6934e354124cfe3,0,99364
10796435,0x21afbbbed0d8399e33e0ab5f1ed91dabdcad2619de0df8e81bbab5707bc5e966,0xb18d35445fbdfaa04393ae9fd51a378d95c85076,0x425a71f7855e4ce0a3ff8ac3d7b34214819e8843,0,48698
10796435,0xe634741eb64c0eff09eb3b73050ad28b0df4ff67ea6544dd8243f9b085f77d88,0xb6188e0256d5c488f12dd5543d7d7be2d16b5845,0x73b668d8374ddb42c9e2f46fd5b754ac215495bc,0,494655
10796435,0x3ee245d9a66adf5442ad507b9ba3ba03619d3329f4e56645b510601f923799cd,0xc0f831edc16c97b4f5954365d0a6f91f3b172524,0xa1f78bed1a79b9aec972e373e0e7f63d8cace4a8,0,108089
10796435,0xb085b2c77420e0f6ebc5a3469481e5b6459c4d4361c20eab9fbdca19242e150b,0xc77ed779fc1fa9e1a0630238b728fe4b2e6c3377,0x73b668d8374ddb42c9e2f46fd5b754ac215495bc,0,116131
10796435,0xa472cdd0b72d042b348dbe090f2142bf19f39da91e55c4ab9fac29aa4845c08e,0xb720f7f403d5279e23c23225a948f9b079b1a81f,0xf467ec26cf1911a0ff87e3a6d36b3aec915506a9,0,116505
10796435,0x399fc58dbd4ec06b64b711875688668b21b242733e2324d16564590c928aca0b,0x672e72db4e9a2b83ff3a99f1e2fc00c1e444607a,0x62ee6aaf2afac4f0a3213e9f929fc054f6c6befa,0,166673
10796435,0x8ef3be7ef1304b4b31e0a4059010043218470195254f2499fe615118b64da6a8,0x3e2b0298ca24f5fc44ec8d6fcb40f2a675f97924,0x2bd57c3ca216f0d38b18bcfd14595f12dfb13c35,1.06222E-7,37195
10796435,0x90b51b16661805f11cbe2ac738d3575b9a427d5856ce04d81a75a011e609e80e,0x3e1a253e792cfdb4cccc89726066c4472e4bf371,0xaede2de677c154cbb527afdc3e88793a4a303664,0,107079
10796435,0x1e6c5ba6416c56bcf9d98c6fb31784167ad7a9679e16a92886ed4d6e32bf051e,0x8cb0acf780e813a5833bb894249a00112a124c52,0x054db2887aa3a0fee14c764c3e2802da0eb23e9c,0,203898
10796435,0xe391be233daaf729861fd337748de5619559621442690aa9a02b6769b3cc4aba,0xbdfa71944c2187d8e990beb9863825134a50e488,0xee567fe1712faf6149d80da1e6934e354124cfe3,0.000052168974369621,128313
10796435,0xf3505354031099eafc62b1a724c6dae1981b8b376a17978af9c8637cb6a5ff4b,0x368001f031a2ae891b39a27abc0237c178380bdd,0xd4ef10dc795a3ab329c8ef5fbd14312937196530,0,21671
10796435,0xabdd3f9eb0f9cbaf8dee0a4c49e3a96f6432e9faaf6380a93843fa86b5dafbee,0x33179d89192b89c6bdf8e7259425ddb58e21a068,0x2751452f6b5fbc8351a1359ba853454565aa2293,0,77623
10796435,0x7c3ca547e589ec0595942b29116e946eee853ea1b7a8e4fba243b9aa87b21f7e,0xa19eeaecc95d87ce894cfb9c4f84d187567be5de,0xa1f78bed1a79b9aec972e373e0e7f63d8cace4a8,0.002508731485595842,148926
10796435,0x0000bb507812254abae9afebde0d63ac943a896d55665be64858b005c01283ce,0x61c843ff19245638c54981e8a808bbe736364411,0x0000000071727de22e5e9d8baf0edac6f37da032,0,769450
10796435,0x05a1714d11d5738197076e4acd46b49e8a4962e8113bc0467895656b82fbd353,0x6523a01ae51f407c13c92a4497e72236b523c04d,0x10279e6333f9d0ee103f4715b8aaea75be61464c,0,46483
10796435,0xb14d8c77a6cea82612e7a422918bd7bca74a5b4eb7fb18e5341477fa96aba760,0x0c39c146a9ee8df35f12c4b062de2203799cdc9d,0xa1f78bed1a79b9aec972e373e0e7f63d8cace4a8,0.000594702752174152,122118
10796435,0xfc45fe234575cfceffa6cc5a02fbb5674cd15db52880b7583260aee9af0251fa,0xf36d4ab7fdf30dc14627c4ecd68b98e2cf12df7c,0xa1f78bed1a79b9aec972e373e0e7f63d8cace4a8,0.000018,106222
10796435,0xb592cdb253e6bb7a881f30fed1f4b1e97804e0f816a2774d326289aac419cef3,0x478d8971f351d90f4b010d67d04ee8bf843461ef,0x7b79995e5f793a07bc00c21412e50ecae098e7f9,0.000401530483230739,27810
10796435,0x2af046614dbcbda1d67e48ac23aaed83f27f5e1d4c70368756d867d00c69d0a7,0x9884f0df57f75eb54b2b362a2132631c637973b6,0x2bd57c3ca216f0d38b18bcfd14595f12dfb13c35,1.30613E-7,37195
10796435,0xa94343a9e1e2db180b0a8ba60abcb45f2b919a06e3ce427ee99b4990fa740ce9,0xec2b627fdb473520e9920b085168e5990576840b,0x606658d5935e788ccccdf9188308434130a7c671,0,31579
10796435,0xa00e02428f04928db6adea9b7d6ada880de08f1fccf6da67bb95f5f486ca5724,0x10ec009f3fd505d388e79c793fe68c00febc78fe,0xa1f78bed1a79b9aec972e373e0e7f63d8cace4a8,0.001988092368091368,132604
10796435,0xbb637619cee38efee5418e6ab9094d9d90b1226219bfcb442036974bc78f0b12,0xd86a38c39784a064ecc5399bd0eddeb9cda78fdd,0x7b79995e5f793a07bc00c21412e50ecae098e7f9,0.00057655722857226,44910
10796435,0xaefdb26c3eb9e1ed6c6c30a84fc16fd1c5e25b9687e13946dbc6d186627388c0,0xc9ff74d6ed8b097e11646caa0d0d72272ab9ebe7,0x73b668d8374ddb42c9e2f46fd5b754ac215495bc,0,116131
10796435,0x6930869ebb4284bb12ba0c35cfbe40267fd460f3c80a2e305edfd21eefbebe34,0xa28b0a9c300f937d711964ed54c9ae66d64d4ff3,0x73b668d8374ddb42c9e2f46fd5b754ac215495bc,0,156609
