Block Number,Block Hash,Transaction Count
10796434,0x107de4c17eef3202ee72762cfb4dae5ee87af94e8a87018af5a4a4ea2377ee51,180
10796433,0x8ea6d9e608165f41096a5bdc61a94fee34085605998712c56b7eaef92a6ef965,146
10796434,0x107de4c17eef3202ee72762cfb4dae5ee87af94e8a87018af5a4a4ea2377ee51,180
10796432,0xdb23a992d31bef5275aeca43dee70ef2d44fa1d728b004c27277f5e83495d091,187
10796431,0x7eb237713e46b9ad6fccfb7061cde2656650c29ea9b47f047c0956721bfd5082,326
10796430,0xadbc161f2754cfcdecdfd1feee1e029280fd1f579c65e38b5d02e8b532ca1be9,130
10796429,0x0c3574e2dbd4bf2e8e0418e4c66cf282d121b2dd99fc9a3adfc645d266814cac,163
10796428,0xcc1de7d49baf296acd22b94c15f561f91c3e5c20d5f192d0d38365e2aec6ad56,149
10796427,0x8af6b39189296c930410a4e47ae71811462b13084b0217a94e203502c44d30ae,184
10796426,0x5909954832e1e487c2ee27275d8e79f1c5bb07ca579aa86b40c4157d99677ea9,173
10796425,0x66f2ef1b7cc3a3914ac0affd5d2434f272eda521509646c44a0a6655afec90b9,151
10796424,0xa7f6fbbe8a34bc604508d5df18aeb3fcf52743b2eddabfeb989f484b24232703,173
10796423,0x0ab1d62238a38f57e3f93676088cbf0c20854ad63f5a8b35e4c1a1cb3881ef26,243
10796422,0x4ffaef8262dc8ef30df5375d3f1700961161ec41e969482816f3d7ae7ceddc72,194
10796421,0x1f973ce0c8ac7d309c8176d80b57ff1165be68d9681db80670875869d0a04b33,129
10796420,0x26ac845a9f3c446071ea6422b8f6bd40f69de927fed91930bdf941d9411e2132,197
10796419,0xb055f3b53dc26763cbb7f6cf4df7edef7ff4d79fe29f2f21f486f6f474ade889,249
10796418,0x95290078f670271c694809e4f1ce933f9c18211bd0f7ca32663b962820e50f69,153
10796417,0x976347e5ac47c048592fc00e68c0bf92b34fde68d8ed49f7fa3040d14bfdbe27,151
10796416,0x0cfd65d63de7da348cf2c3d63af84326d9891590fd198d54f495d022e3bf2c4c,150
10796415,0x41b547f35e77a08b79fbd1671c5313abed8c2e042d88239cdef7d163da5bcc5e,249
10796414,0x0b66c5fd4ce5cb5ac670ed5ddffbbd000d53a9e80be48def08997d2433b97a1d,177
10796413,0x79fb55df48e3c60ea50a0cc61f2d5f04116fbd38b0549314f4ce87a04951a060,140
10796412,0xa7fd407c1c0c4c3aecee6356f6a3bb0281e18c156d1e8d12187d9340d50e2506,183
10796411,0x4c6e5348079cd903d2d9b452ec9701855944eadee8bcda5ec64952c347090088,156
10796410,0xa9d5ce5d0cfd19ff28076b9eaa7283c09a19900ad853f0855ad5c72df9047162,176
10796409,0x7eddf53a9986d31f09446caee8bad85a18c4cbe0d002e4be4da912dd819a161f,150
10796408,0x951a8c1a61038523807d585bf7dad15613a9190aac99b71bca9f1ba439dc6cae,161
10796407,0x098621c087e3c7a2200239c06b48ac90299ce1f4048eafee5c1341f52b12d12b,152
10796406,0x07e11988935a62c8b1d648cd2ba69dfcf5429f799368b18339d98994a72f422a,176
10796405,0x9208a9d2d572be1792283ae281b94c44401d83d728e09a531efb546b22179de2,202
10796404,0x97e63b3b79747c97e7c37fe9f8b949facc31426bcb6e8bac73ca7a64787f852a,207
10796403,0x97f8b873be8c96e3f05a07888304ef4151a7958e9064ff9ea7816d71f0708ac8,141
10796402,0xcfe6cd9bbafa28d41863bef63f7ae8a9d617780e744be4593e2afc326edc69b8,171
10796401,0x848f8a1afa406d2d081d3b8b3e5730405570120678ae7f63535435743bd1779d,148
10796400,0x87c70a40a064822ac02f4ba64532292241c70ecfc1d26a21ff36a2db10cfde15,145
10796399,0x622106c60e92ed6ffd4fb8cc7acab452a99c6b95895a2b386573a6a3eefc3be1,164
10796398,0xfb2a8924e437cb53bd8c51eb1ff77842b3fa62620a881d4e7a53da563a4cb358,163
10796397,0xa420d8e5745ebf24fc85bb604bf979168b1f29b36b350d1a8d65a6f988d3867a,140
10796396,0x3ee5249519f294b777467178d1d37f720315648587897a2f7c7d0d3c2e6ada8e,156
10796395,0xa0b1f1a9e02b145305d71cf480e5eeec5331a64d3aef5f8e05ba7a0f7faff974,148
10796394,0x5f70352eb147bc1e3528958ca2a0ba8014c1990ccba9b522806a3a1c7f744656,180
10796393,0x1025f6186fdfab3bf505b0b1c5116f8e7c8e3030d75fa91d830131a4130b8ca2,150
10796392,0x013e4b75a7331737b8755dfe5bb42a9e1850dbbad32e673d70b862db29a00803,172
10796391,0xdd1bc3f17c6cbe996c5aa899d78bc7e069940014c9e12a9ebf9a5bc4d8fb90f7,156
10796390,0x3cc935696ab5ea124771499c426878eeadfa0b5c0a2ca58440478045975b2f77,143
10796389,0x99c59a778c3f821ed390a430c061cad2811d6cd65ff6416f978ce155d3af7a7f,145
10796388,0xeae749777e89681619d5aaddce14c0b7e0eefc0bd469c7915d168a4012e25d5c,184
10796387,0x41e7ef0bf8f1294b09a6eb7bbc39ba6c5d4f5caead4bffd2da609bf483aa804f,199
10796386,0x432798187f990e622d4aaafa8ab7c76449523424ab18ab3fbb1ce68635c41aa5,254
10796385,0xd8cd56d34c23d09a6c2b9c47af393a7bb8ba9b2ea91b8754b513693f6ce2c63c,165
10796384,0x6d338ae2c84e30a96e5637b5f32b6c58cd45247030ca950c7f5542820c925396,157
10796383,0xf6c667391a8cb13ec3807f05bbea5a92c4e1e9fdadcaba683fcb314d5a78c4d1,159
10796382,0xbdedf66fb51f055fc74bc0eaf01d1ecde59d3758ab2869c377a6f7701267e48a,214
10796381,0x638d1e7bc58ac537f31aa1f5cfb91e0239207789bb49ada047c4cc77af9004f2,171
10796380,0x03ee85188ec11b1d8835572359e290166db2303a8fd759641f1f1691dbea5a55,145
10796379,0x620c195fd2acfd401449324bc70b44d3345a61e0a5ce09fbb9963007fbccf5c7,188
10796378,0x860f41e86ea0d90c8199c336d079a7ecd4a6d33f07b41238b06194d874290377,120
10796377,0xa852b4314d4d5505dbac0a002df49e7a1a20c392fd8ab649cd21eafc4b53a7a3,180
10796376,0xbbf9f179071f11d6fb2698ace26392ce19af415a593431bd499610abc3b05e22,154
10796375,0x076bf11000b99dcabb645e4627a3f4f136f857c2e26c8586fe6951baa51ced27,152
10796374,0x55ad46500e8e00a61fbec9beb613b671522cbf2019c8df740fc559f0bc9822c1,146
10796373,0xfb1c5273afaba8f597bd74a6676f53e9e66fa87b5bf59d4ef53bbcf7c7c6b9a9,190
10796372,0x97c738006130ab64d8cf3493ff1ff6cad5a5d647296ba7cecb157b59d1a231f7,111
10796371,0x1501a9cb21949f3172a2a0170a2cd1fc5c6dde3a7a1f322c61dfbf2a066be739,209
10796370,0x9b1ee5930f39238fc94a0302cb3a56b210090442c0a31f9ce77e9ee9ec5fcc30,287
10796369,0x493ece7f75c602483c6f663df8210a030f15d48701a9b7daae10996a7bc3303a,162
10796368,0x89cb519b84112ba137e943c4c5e08c00b84c560e9ec54e170b369c900658ddb7,160
10796367,0xb9056ce184156fffae69e09adc55a4140e0ecedcb6dde567efa5decbfcae790c,164
10796366,0x89030ea7f84d1352aff440a92fbf4e6107dc15d287183e6a505dd4290c0d37c9,127
10796365,0xcbeddd5e6a6de8ac029b6eec6daa486021582211b1e37e13f2ad3620efeb450d,181
10796364,0x0b9ade1d95c88e4b0dfaf52242521b26678a6a06104949b34ffde7bab3e3cb88,171
10796363,0x821205b3b8d928796afe6cf92cfdf42863941fdad1c286e41540d4484e5ae79b,178
10796362,0xa37b898541979648f831ab0bb30781c5a606201a27f74b361205e7a9d00bb820,170
10796361,0x4fc7c6c9c3004b741662eafae94e70713e9580531430688b132372dd40afb2ff,156
10796360,0xd838192540903ef1fbdbad379a879820060f9df52b4a67659fa9e7d306acf5e8,160
10796359,0xb4d1aeaf75229fc5b3460772baec503fa92a0cd53ed57b59181dcaf46ac762b1,154
10796358,0x903f0dc2bc5ab6c83e38497511d66afe25e6228502f7aa8d1bcee536c3060a14,172
10796357,0xbb5fac8bd2f165a95b510563fae793a0fa4b7f05b9c865a46099f2944983090d,169
10796356,0xc5bfffbec478b5d4654dbdce9db0520246ea54c3f23cdb892e3ed7abef6a0cad,143
10796355,0xdbd225e250f646d2c97a0e1f4145946250f0d82e5b6b7ac39708a1c2fe8dca75,157
10796354,0x3336f214748a0c1d7c86bac5cb3a902f5292fc226a99cbe1b6b22a1cb9cb4f21,180
10796353,0xf233b0f8b41a4186df57c9dcf37df36ca20b936dc9d6c7c6a4b6a91f07364355,155
10796352,0x01d8391940d02c8e28dd355892b8cd76a5d8161464d005f5208b5873ffdf1f73,137
10796351,0xe0c04a0a826bacd9727ade826f151e3b1edd930999304af48d3afada88d78efb,153
10796350,0xd093e7a382233ae66f5c7087f63646954fe0d363e28cca25e22f90a76835a540,148
10796349,0x0626f2c69360d9b83337caf7198de5c06e3299dc7c4ca0822253baa7dd634b0a,145
10796348,0xece75fec970cdeab240c6d0e846d5d7ebd67eaddd99816eddc8ff70c901c766c,160
10796347,0xba2859d134b69a65fc2eb3dfb1a980d713556fa284c06cd0fc220d8966f872a4,166
10796346,0x9811d9e4eddca835068abff4bf2903e49f9dfe32ed1a08b9310ef5dcd9cf5f99,150
10796345,0x4d93bbbbb2cb7703a4ef84eb7a19a7ec967d2b328f604ea417b5059c1c2ac41e,245
10796344,0xabd61bed2d0cc95d239d788ef767669b438dc7f4b7412872a7f9a7fd416aec2d,140
10796343,0x1130e0d6c2c33fb02d857a5edb6b1c084eb9dcc39c04ef8e1eb4242b83ec1b3a,137
10796342,0xe559f5743a062aa162b61249a6831b12cc6d7c3d40f621c84e6596139131e3cb,154
10796341,0xa00e64506be98b712df416bcc72ed4d6cea1e19d0c10d915b7849094ba3bbaf1,162
10796340,0xc840838dc152e3617cc727437f57745737137817b8eb0dfc3c2e16ab0a7db58f,137
10796339,0x4632828e183b6367c9a91b8e3581d648f335782bea7fb7ec54a8bc69b48d6843,134
10796338,0x89e9448e7de9fd00f640ade9abda8ae60d55ecf1231fee02646e1854d8c4cd14,182
10796337,0xb1ef99a8189d0bd336c37726bba0c218b0c12d7f6be27b3cd3cd1a5cd50162d3,167
10796336,0x3963169e7ddeb796787d35a8e9097403e3037ed68aeac8b3a132fbbb48905d9f,173
10796335,0xfdef8d44590c2b8568d91119a0a5381734918e522372c169f1b5ae675b4e89a8,162
10796435,0xc2b8afa697aa7e3205a6fb96100f8ac7147355e4ab4272d889666eca97770372,171
10796436,0xa94bfe825df6ddc0df0f2f43224aaf5081f54665bd474e472c82b5589beedbdf,187
